sl_rowIdx	labels	start	end	db_uuid	session	bundle	start_item_id	end_item_id	level	attribute	start_item_seq_idx	end_item_seq_idx	type	sample_start	sample_end	sample_rate	times_orig	times_rel	times_norm	F1	F2	F3	F4	RMS	word_label	check_bundle	word_start	word_end	position_in_word
1	i	81281.98412698413	81321.98412698413	587f29fc-aa5c-11ea-b902-03390ff50237	0000	mark02vox_ker	316	316	phone	phone	6	6	SEGMENT	3584536	3586299	44100	81301.98412698413	20	0.5	252.49999999998693	1990.5000000000566	2587.50000000008	3562.000000000273	71.1111373901352	ji	mark02vox_ker	81171.98412698413	81321.98412698413	0.8666666666666667
2	i	83551.98412698413	83591.98412698413	587f29fc-aa5c-11ea-b902-03390ff50237	0000	mark02vox_ker	344	344	phone	phone	34	34	SEGMENT	3684643	3686406	44100	83571.98412698413	20	0.5	274.50000000003047	2009.4999999933432	2554.4999999974693	3338.4999999904567	69.67761993408848	ɓasiŋa	mark02vox_ker	83261.98412698413	83691.98412698413	0.7209302325581395
3	i	236965.97505668932	237095.97505668935	587f29fc-aa5c-11ea-b902-03390ff50237	0000	mark02vox_ker	692	692	phone	phone	382	382	SEGMENT	10450200	10455932	44100	237030.97505668935	65.00000000001455	0.5	283.5	1815.5	2537.5	2993	73.47391510009766	cekiŋ	mark02vox_ker	236735.97505668935	237165.97505668935	0.686046511627907
4	i	246165.97505668935	246355.97505668935	587f29fc-aa5c-11ea-b902-03390ff50237	0000	mark02vox_ker	801	801	phone	phone	491	491	SEGMENT	10855920	10864298	44100	246260.97505668935	95	0.5	249.49999999994193	1971.4999999992451	2943.5000000002906	3622.0000000005807	73.05135345459904	meɗeɗɗeɗi	mark02vox_ker	245705.97505668935	246355.97505668935	0.8538461538461538
5	i	309059.9886621315	309099.98866213154	587f29fc-aa5c-11ea-b902-03390ff50237	0000	mark02vox_ker	1122	1122	phone	phone	812	812	SEGMENT	13629546	13631309	44100	309079.9886621315	20.000000000029104	0.5	200.5000000000929	1983.500000001022	3237.5000000006503	3828.5000000017653	64.98986434940146	abiyatar	mark02vox_ker	308849.98866213154	309449.98866213154	0.3833333333332363
6	i	343476.9727891156	343546.9727891157	587f29fc-aa5c-11ea-b902-03390ff50237	0000	mark02vox_ker	1346	1346	phone	phone	1036	1036	SEGMENT	15147335	15150421	44100	343511.9727891156	35.000000000029104	0.5	266.99999999951217	1941.0000000001626	2850.5000000033338	3502.500000004472	71.61906051637555	hi	mark02vox_ker	343356.9727891157	343546.9727891157	0.8157894736839042
7	i	275077.97052154195	275107.97052154195	587f29fc-aa5c-11ea-b902-03390ff50237	0000	mark03vox_ker	242	242	phone	phone	45	45	SEGMENT	12130939	12132261	44100	275092.97052154195	15	0.5	735.4999999999245	1234.5000000000407	2766.5000000000405	3297.9999999998026	66.12490463255382	məna'i	mark03vox_ker	274727.97052154195	275107.97052154195	0.9605263157894737
8	i	277467.97052154195	277567.97052154195	587f29fc-aa5c-11ea-b902-03390ff50237	0000	mark03vox_ker	274	274	phone	phone	77	77	SEGMENT	12236338	12240747	44100	277517.97052154195	50	0.5	258.5000000000058	1792.5000000000175	2841.0000000002437	3085.999999999837	72.41680526733397	tokiŋ	mark03vox_ker	277217.97052154195	277657.97052154195	0.6818181818181818
9	i	279557.97052154195	279587.97052154195	587f29fc-aa5c-11ea-b902-03390ff50237	0000	mark03vox_ker	289	289	phone	phone	92	92	SEGMENT	12328507	12329829	44100	279572.97052154195	15	0.5	277.0000000000697	2031.5000000014809	2815.999999999872	3562.500000000157	71.87258148193727	ji	mark03vox_ker	279447.97052154195	279587.97052154195	0.8928571428571429
10	i	284887.97052154195	284977.97052154195	587f29fc-aa5c-11ea-b902-03390ff50237	0000	mark03vox_ker	344	344	phone	phone	147	147	SEGMENT	12563560	12567528	44100	284932.97052154195	45	0.5	263	1866.5	2928	3547.5	73.85213470458984	tokiŋ	mark03vox_ker	284677.97052154195	285087.97052154195	0.6219512195121951
11	i	286647.97052154195	286897.97052154195	587f29fc-aa5c-11ea-b902-03390ff50237	0000	mark03vox_ker	357	357	phone	phone	160	160	SEGMENT	12641176	12652200	44100	286772.97052154195	125	0.5	310	2070.5	3043.5	3517.5	69.3588638305664	ji	mark03vox_ker	286517.97052154195	286897.97052154195	0.6710526315789473
12	i	287277.97052154195	287307.97052154195	587f29fc-aa5c-11ea-b902-03390ff50237	0000	mark03vox_ker	364	364	phone	phone	167	167	SEGMENT	12668959	12670281	44100	287292.97052154195	15	0.5	224.4999999993089	1342.0000000021953	2529.499999999553	3730.0000000017885	54.694620132434245	laki	mark03vox_ker	287117.97052154195	287307.97052154195	0.9210526315789473
13	i	292197.97052154195	292307.97052154195	587f29fc-aa5c-11ea-b902-03390ff50237	0000	mark03vox_ker	413	413	phone	phone	216	216	SEGMENT	12885931	12890781	44100	292252.97052154195	55	0.5	257.4999999999942	1830.5000000000523	2970.000000000012	3536.0000000001046	72.99665069579984	tokiŋ	mark03vox_ker	291957.97052154195	292417.97052154195	0.6413043478260869
14	i	294187.97052154195	294217.97052154195	587f29fc-aa5c-11ea-b902-03390ff50237	0000	mark03vox_ker	429	429	phone	phone	232	232	SEGMENT	12973690	12975012	44100	294202.97052154195	15	0.5	453.4999999999477	1389.9999999999884	2361.4999999999827	3384.5000000000873	71.05037689208491	səɓaki	mark03vox_ker	293907.97052154195	294217.97052154195	0.9516129032258065
15	i	300107.97052154195	300207.97052154195	587f29fc-aa5c-11ea-b902-03390ff50237	0000	mark03vox_ker	491	491	phone	phone	294	294	SEGMENT	13234762	13239171	44100	300157.97052154195	50	0.5	259.0000000000581	1856.0000000000348	2983.0000000002437	3622.000000000476	56.69066047668365	faɗi	mark03vox_ker	299917.97052154195	300207.97052154195	0.8275862068965517
16	i	304788.9682539683	304868.9682539683	587f29fc-aa5c-11ea-b902-03390ff50237	0000	mark03vox_ker	535	535	phone	phone	338	338	SEGMENT	13441194	13444721	44100	304828.9682539683	40	0.5	289.5	2003	3142.5	3591.5	72.30727767944336	səɓakiŋ	mark03vox_ker	304408.9682539682	304898.9682539682	0.8571428571429759
17	i	334436.9727891157	334466.9727891156	587f29fc-aa5c-11ea-b902-03390ff50237	0000	mark03vox_ker	694	694	phone	phone	497	497	SEGMENT	14748671	14749993	44100	334451.9727891156	14.999999999970896	0.5	0	0	2551.5	3874	40.139095306396484	hasi	mark03vox_ker	334016.9727891156	334466.9727891156	0.9666666666666667
18	i	337326.9727891156	337426.9727891157	587f29fc-aa5c-11ea-b902-03390ff50237	0000	mark03vox_ker	727	727	phone	phone	530	530	SEGMENT	14876120	14880529	44100	337376.9727891156	50.000000000029104	0.5	275.9999999983274	1880.9999999998606	2969.999999998606	3595.0000000008363	58.65814399710102	faɗi	mark03vox_ker	337126.9727891157	337426.9727891157	0.8333333333331393
19	i	382926.9727891157	382966.9727891156	587f29fc-aa5c-11ea-b902-03390ff50237	0000	mark03vox_ker	757	757	phone	phone	560	560	SEGMENT	16887080	16888843	44100	382946.9727891156	19.999999999970896	0.5	268.50000000026137	1973	2567.999999997491	3654.9999999989545	73.30799102783438	ji	mark03vox_ker	382826.9727891156	382966.9727891156	0.8571428571428571
20	i	388176.9727891157	388216.9727891156	587f29fc-aa5c-11ea-b902-03390ff50237	0000	mark03vox_ker	817	817	phone	phone	620	620	SEGMENT	17118605	17120368	44100	388196.9727891156	19.999999999970896	0.5	427.9999999994425	1665.5000000010803	2389.499999999059	3462.0000000000696	74.83292007446431	faɗi	mark03vox_ker	387966.9727891156	388216.9727891156	0.92
21	i	40899.988662131516	40929.98866213152	587f29fc-aa5c-11ea-b902-03390ff50237	0000	mark04vox_ker	1097	1097	phone	phone	104	104	SEGMENT	1803690	1805012	44100	40914.98866213152	15.000000000003638	0.5	592.4999999999245	1775.9999999999304	2472.999999999977	3625.000000000012	64.88801002503561	le'le'i	mark04vox_ker	40529.98866213152	40929.98866213152	0.9625
22	i	49739.988662131516	49829.988662131516	587f29fc-aa5c-11ea-b902-03390ff50237	0000	mark04vox_ker	1195	1195	phone	phone	202	202	SEGMENT	2193534	2197502	44100	49784.988662131516	45	0.5	259.50000000004576	1916.9999999999695	2992.9999999998986	3599.999999999929	56.98844909669369	faɗi	mark04vox_ker	49549.988662131516	49829.988662131516	0.8392857142857143
23	i	53639.98866213152	53739.988662131516	587f29fc-aa5c-11ea-b902-03390ff50237	0000	mark04vox_ker	1236	1236	phone	phone	243	243	SEGMENT	2365524	2369933	44100	53689.98866213152	49.99999999999636	0.5	262.00000000004644	1958.9999999997212	3065.4999999996166	3533.4999999998954	71.93976974487211	rakiŋ	mark04vox_ker	53389.98866213152	53839.988662131516	0.6666666666666774
24	i	55879.988662131516	56019.988662131516	587f29fc-aa5c-11ea-b902-03390ff50237	0000	mark04vox_ker	1257	1257	phone	phone	264	264	SEGMENT	2464308	2470481	44100	55949.988662131516	70	0.5	275.49999999999926	1938.500000000011	2979.9999999999986	3579.9999999999973	65.300457000731	faɗi	mark04vox_ker	55679.98866213152	56019.988662131516	0.7941176470588192
25	i	58269.988662131516	58499.98866213152	587f29fc-aa5c-11ea-b902-03390ff50237	0000	mark04vox_ker	1279	1279	phone	phone	286	286	SEGMENT	2569707	2579849	44100	58384.98866213152	115.00000000000364	0.5	307.99999999998255	1972	3095.0000000000696	3681.5000000001655	70.05120086669984	keskeleki	mark04vox_ker	57739.988662131516	58499.98866213152	0.8486842105263173
26	i	72619.98866213152	72669.98866213151	587f29fc-aa5c-11ea-b902-03390ff50237	0000	mark04vox_ker	1416	1416	phone	phone	423	423	SEGMENT	3202542	3204746	44100	72644.98866213151	24.999999999992724	0.5	275.00000000003485	1808.4999999998547	2596.9999999991173	2899.500000000296	73.67869186401184	ciməcimiŋa	mark04vox_ker	72519.98866213152	73109.98866213151	0.21186440677964158
27	i	72819.96598639457	72859.98866213151	587f29fc-aa5c-11ea-b902-03390ff50237	0000	mark04vox_ker	1420	1420	phone	phone	427	427	SEGMENT	3211361	3213125	44100	72839.97732426305	20.011337868469127	0.5	282.5	1874	2675.5	3149	74.204345703125	ciməcimiŋa	mark04vox_ker	72519.98866213152	73109.98866213151	0.5423536646297143
28	i	72899.98866213152	72929.98866213152	587f29fc-aa5c-11ea-b902-03390ff50237	0000	mark04vox_ker	1422	1422	phone	phone	429	429	SEGMENT	3214890	3216212	44100	72914.98866213152	15	0.5	300.5000000000102	1291.4999999994411	2129.4999999967376	2767.4999999993597	70.23319625854239	ciməcimiŋa	mark04vox_ker	72519.98866213152	73109.98866213151	0.6694915254237453
29	i	77799.98866213152	77959.96598639457	587f29fc-aa5c-11ea-b902-03390ff50237	0000	mark04vox_ker	1462	1462	phone	phone	469	469	SEGMENT	3430980	3438034	44100	77879.97732426305	79.9886621315236	0.5	305.4999999999927	2061.0000000000027	3156.000000000006	3539.500000000016	65.71121597290032	degeɓgeɓi	mark04vox_ker	77279.98866213151	77959.96598639457	0.8823656917997775
30	i	89519.98866213152	89569.96598639457	587f29fc-aa5c-11ea-b902-03390ff50237	0000	mark04vox_ker	1556	1556	phone	phone	563	563	SEGMENT	3947832	3950035	44100	89544.97732426305	24.988662131523597	0.5	271.5000000000058	1948.999999999907	2436.499999999994	3015.9999999999186	76.30849838257014	kirka	mark04vox_ker	89439.98866213152	89829.98866213151	0.26920169777314745
31	i	92119.98866213152	92239.98866213152	587f29fc-aa5c-11ea-b902-03390ff50237	0000	mark04vox_ker	1581	1581	phone	phone	588	588	SEGMENT	4062492	4067783	44100	92179.98866213152	60	0.5	301.50000000015245	1884.0000000001626	2889.9999999999795	3581.499999999929	63.150592803939624	faɗi	mark04vox_ker	91909.98866213152	92239.98866213152	0.8181818181818182
32	i	166569.9886621315	166619.98866213154	587f29fc-aa5c-11ea-b902-03390ff50237	0000	mark04vox_ker	2160	2160	phone	phone	1167	1167	SEGMENT	7345737	7347941	44100	166594.98866213154	25.000000000014552	0.5	292.5000000006359	1925.4999999999739	3014.0000000000696	3751.5000000004793	69.7495002746631	faɗiŋ	mark04vox_ker	166319.9886621315	166729.9886621315	0.6707317073171442
33	i	172999.98866213154	173149.9886621315	587f29fc-aa5c-11ea-b902-03390ff50237	0000	mark04vox_ker	2214	2214	phone	phone	1221	1221	SEGMENT	7629300	7635914	44100	173074.98866213154	74.99999999998545	0.5	318.50000000002615	2011.4999999999914	2932.500000000229	3041.0000000003542	71.13334655761672	di	mark04vox_ker	172929.9886621315	173149.9886621315	0.6590909090910414
34	i	174059.98866213154	174199.96598639456	587f29fc-aa5c-11ea-b902-03390ff50237	0000	mark04vox_ker	2228	2228	phone	phone	1235	1235	SEGMENT	7676046	7682218	44100	174129.97732426305	69.98866213150905	0.5	276.0000000001452	1927.5000000005082	3020.5000000006535	3609.5000000009436	66.45957946785586	faɗi	mark04vox_ker	173839.98866213154	174199.96598639456	0.8055748031496237
35	i	184859.9886621315	184969.98866213154	587f29fc-aa5c-11ea-b902-03390ff50237	0000	mark04vox_ker	2346	2346	phone	phone	1353	1353	SEGMENT	8152326	8157176	44100	184914.98866213154	55.00000000001455	0.5	286.5000000003775	1866.5000000006794	2896.4999999979614	3646.4999999994716	56.72226905820635	faɗi	mark04vox_ker	184669.96598639456	184969.98866213154	0.816680523014146
36	i	194719.98866213154	194819.9886621315	587f29fc-aa5c-11ea-b902-03390ff50237	0000	mark04vox_ker	2433	2433	phone	phone	1440	1440	SEGMENT	8587152	8591561	44100	194769.98866213154	49.99999999998545	0.5	278	1960.0000000018874	2932.500000004864	3737.999999998403	73.72885513306241	ji	mark04vox_ker	194559.98866213154	194819.9886621315	0.8076923076923981
37	i	198429.9886621315	198519.9886621315	587f29fc-aa5c-11ea-b902-03390ff50237	0000	mark04vox_ker	2468	2468	phone	phone	1475	1475	SEGMENT	8750763	8754731	44100	198474.9886621315	45	0.5	278.00000000002325	2023	2934.999999999489	3066.5000000009118	75.86447143554763	ji	mark04vox_ker	198309.98866213154	198519.9886621315	0.78571428571425606
38	i	209239.9886621315	209339.98866213154	587f29fc-aa5c-11ea-b902-03390ff50237	0000	mark04vox_ker	2578	2578	phone	phone	1585	1585	SEGMENT	9227484	9231893	44100	209289.98866213154	50.00000000001455	0.5	322	2115	3075.5	3778	70.41635513305664	si	mark04vox_ker	209089.98866213154	209339.98866213154	0.8
39	i	212179.9886621315	212219.98866213154	587f29fc-aa5c-11ea-b902-03390ff50237	0000	mark04vox_ker	2606	2606	phone	phone	1613	1613	SEGMENT	9357138	9358901	44100	212199.98866213154	20.000000000014552	0.5	271.00000000010454	1761.9999999996166	2638.9999999980137	3324.9999999883617	75.33546829222894	ciməcimiŋa	mark04vox_ker	212069.9886621315	212689.98866213154	0.2096774193548758
40	i	212389.9886621315	212429.9886621315	587f29fc-aa5c-11ea-b902-03390ff50237	0000	mark04vox_ker	2610	2610	phone	phone	1617	1617	SEGMENT	9366399	9368162	44100	212409.9886621315	20	0.5	283.9999999999303	1868.9999999998606	2844.999999999094	3666.999999999512	76.86166763309284	ciməcimiŋa	mark04vox_ker	212069.9886621315	212689.98866213154	0.5483870967741679
41	i	212479.9886621315	212509.9886621315	587f29fc-aa5c-11ea-b902-03390ff50237	0000	mark04vox_ker	2612	2612	phone	phone	1619	1619	SEGMENT	9370368	9371690	44100	212494.9886621315	15	0.5	296.0000000000058	954.0000000003427	2158.5000000002005	2751.499999999933	74.53778076171844	ciməcimiŋa	mark04vox_ker	212069.9886621315	212689.98866213154	0.6854838709677098
42	i	217679.9886621315	217819.9886621315	587f29fc-aa5c-11ea-b902-03390ff50237	0000	mark04vox_ker	2673	2673	phone	phone	1680	1680	SEGMENT	9599688	9605861	44100	217749.9886621315	70	0.5	312.9999999996051	2023.000000002567	3190.0000000005925	3693.4999999987167	69.62249374388715	faɗi	mark04vox_ker	217449.9886621315	217819.9886621315	0.8108108108108109
43	i	220339.98866213154	220369.98866213154	587f29fc-aa5c-11ea-b902-03390ff50237	0000	mark04vox_ker	2698	2698	phone	phone	1705	1705	SEGMENT	9716994	9718316	44100	220354.98866213154	15	0.5	402.99999999989546	1184.5000000003747	2331.9999999999013	2752.999999999971	64.26822090147968	damdi	mark04vox_ker	220109.9886621315	220369.98866213154	0.9423076923076987
44	i	227059.98866213154	227149.9886621315	587f29fc-aa5c-11ea-b902-03390ff50237	0000	mark04vox_ker	2774	2774	phone	phone	1781	1781	SEGMENT	10013346	10017314	44100	227104.98866213154	44.99999999998545	0.5	386.4999999998693	1983.4999999997822	2985.5000000039636	3575.5000000037026	75.30251312250894	ana'iŋ	mark04vox_ker	226869.98866213154	227269.9886621315	0.5875000000000428
45	i	234099.9886621315	234179.9886621315	587f29fc-aa5c-11ea-b902-03390ff50237	0000	mark04vox_ker	2820	2820	phone	phone	1827	1827	SEGMENT	10323810	10327337	44100	234139.9886621315	40	0.5	239	1918.5	2989	3615.5	71.71000289916992	bi	mark04vox_ker	234009.9886621315	234179.9886621315	0.7647058823529411
46	i	239689.98866213154	239769.9886621315	587f29fc-aa5c-11ea-b902-03390ff50237	0000	mark04vox_ker	2879	2879	phone	phone	1886	1886	SEGMENT	10570329	10573856	44100	239729.98866213154	39.99999999998545	0.5	254.00000000019165	2069.9999999992333	3046.0000000000637	3410.500000001821	71.22827529907434	bi	mark04vox_ker	239609.9886621315	239769.9886621315	0.7500000000001819
47	i	251939.98866213154	251969.98866213154	587f29fc-aa5c-11ea-b902-03390ff50237	0000	mark04vox_ker	3011	3011	phone	phone	2018	2018	SEGMENT	11110554	11111876	44100	251954.98866213154	15	0.5	351.000000003531	1653.500000000395	2414.500000004948	3496.0000000008827	35.451093673687716	pəɗaki	mark04vox_ker	251619.98866213154	251969.98866213154	0.9571428571428572
48	i	254859.9886621315	254899.9886621315	587f29fc-aa5c-11ea-b902-03390ff50237	0000	mark04vox_ker	3044	3044	phone	phone	2051	2051	SEGMENT	11239326	11241089	44100	254879.9886621315	20	0.5	325.00000000187583	2030.0000000005923	2573.4999999969887	3421.5000000045907	70.927673339809175	kirka	mark04vox_ker	254789.9886621315	255129.98866213154	0.26470588235291853
49	i	257229.9886621315	257339.96598639453	587f29fc-aa5c-11ea-b902-03390ff50237	0000	mark04vox_ker	3069	3069	phone	phone	2076	2076	SEGMENT	11343843	11348692	44100	257284.97732426302	54.988662131509045	0.5	281	1860.5	2904	3567	57.81488800048828	faɗi	mark04vox_ker	257039.9886621315	257339.96598639453	0.8166906039761347
50	i	261149.96598639453	261179.9886621315	587f29fc-aa5c-11ea-b902-03390ff50237	0000	mark04vox_ker	3085	3085	phone	phone	2092	2092	SEGMENT	11516714	11518037	44100	261164.97732426302	15.011337868490955	0.5	269	1911.5000000001364	2912.0000000000987	3590.5000000002237	67.48506546020593	iskiyaŋ	mark04vox_ker	261149.96598639453	261659.98866213154	0.029432687177680366
51	i	261379.9886621315	261429.9886621315	587f29fc-aa5c-11ea-b902-03390ff50237	0000	mark04vox_ker	3088	3088	phone	phone	2095	2095	SEGMENT	11526858	11529062	44100	261404.9886621315	25	0.5	270.5	2064.5	3126.5	3793	71.83633041381836	iskiyaŋ	mark04vox_ker	261149.96598639453	261659.98866213154	0.5000222301262587
52	i	281099.98866213154	281129.9886621315	587f29fc-aa5c-11ea-b902-03390ff50237	0000	mark04vox_ker	3289	3289	phone	phone	2296	2296	SEGMENT	12396510	12397832	44100	281114.9886621315	14.999999999970896	0.5	283.5	1085.0000000000007	2637.0000000000005	3792	43.65700149536133	weseki	mark04vox_ker	280769.98866213154	281129.9886621315	0.9583333333333266
53	i	293999.9886621315	294039.98866213154	587f29fc-aa5c-11ea-b902-03390ff50237	0000	mark04vox_ker	3409	3409	phone	phone	2416	2416	SEGMENT	12965400	12967163	44100	294019.9886621315	20.000000000029104	0.5	270.99999999997675	2035.9999999998606	3085.9999999999072	3648.5000000013065	74.61901855469299	kinaŋ	mark04vox_ker	293879.9886621315	294269.98866213154	0.3589743589743054
54	i	296079.98866213154	296109.98866213154	587f29fc-aa5c-11ea-b902-03390ff50237	0000	mark04vox_ker	3426	3426	phone	phone	2433	2433	SEGMENT	13057128	13058450	44100	296094.98866213154	15	0.5	409.4999999993205	1768.4999999996342	2581.4999999993206	3536.4999999993206	74.91328430178567	je'i	mark04vox_ker	295879.9886621315	296109.98866213154	0.9347826086956686
55	i	302929.9886621315	302969.98866213154	587f29fc-aa5c-11ea-b902-03390ff50237	0000	mark04vox_ker	3478	3478	phone	phone	2485	2485	SEGMENT	13359213	13360976	44100	302949.9886621315	20.000000000029104	0.5	257.5000000000058	1856.4999999999593	2801.4999999997503	3340.9999999948545	74.3876266479487	si	mark04vox_ker	302799.98866213154	302969.98866213154	0.8823529411761282
56	i	304729.98866213154	304769.98866213154	587f29fc-aa5c-11ea-b902-03390ff50237	0000	mark04vox_ker	3489	3489	phone	phone	2496	2496	SEGMENT	13438593	13440356	44100	304749.98866213154	20	0.5	317.5000000007666	1989.4999999995587	2887.9999999997212	3699.499999999187	72.08209228520515	ji	mark04vox_ker	304629.9886621315	304769.98866213154	0.8571428571429165
57	i	312539.98866213154	312729.98866213154	587f29fc-aa5c-11ea-b902-03390ff50237	0000	mark04vox_ker	3555	3555	phone	phone	2562	2562	SEGMENT	13783014	13791392	44100	312634.98866213154	95	0.5	296.00000000009294	1944.999999999907	3015.0000000008363	3434.00000000158	69.3816223144414	faɗi	mark04vox_ker	312319.9886621315	312729.98866213154	0.7682926829268621
58	i	313589.96598639456	313719.98866213154	587f29fc-aa5c-11ea-b902-03390ff50237	0000	mark04vox_ker	3564	3564	phone	phone	2571	2571	SEGMENT	13829318	13835051	44100	313654.9773242631	65.01133786849095	0.5	285.50000000015683	1893.0000000002092	2862.9999999998954	3706.4999999989373	70.20940780638786	di	mark04vox_ker	313519.98866213154	313719.98866213154	0.6749433106576908
59	i	320479.98866213154	320529.96598639456	587f29fc-aa5c-11ea-b902-03390ff50237	0000	mark04vox_ker	3634	3634	phone	phone	2641	2641	SEGMENT	14133168	14135371	44100	320504.9773242631	24.988662131509045	0.5	273.99999999934954	1933.0000000017887	2778.5000000020327	3644.5000000017076	74.73951339720432	kirka	mark04vox_ker	320359.98866213154	320799.98866213154	0.3295196866625867
60	i	324069.9886621315	324219.98866213154	587f29fc-aa5c-11ea-b902-03390ff50237	0000	mark04vox_ker	3674	3674	phone	phone	2681	2681	SEGMENT	14291487	14298101	44100	324144.9886621315	75.0000000000291	0.5	264.5000000003194	1968.0000000011498	3042.4999999996808	3562.999999999872	68.85646438599734	faɗi	mark04vox_ker	323879.9886621315	324219.98866213154	0.7794117647057489
61	i	326089.96598639456	326249.9886621315	587f29fc-aa5c-11ea-b902-03390ff50237	0000	mark04vox_ker	3693	3693	phone	phone	2700	2700	SEGMENT	14380568	14387624	44100	326169.977324263	80.01133786846185	0.5	280.0000000000116	1939.5000000000175	3092.000000000035	3467.000000000116	71.10988998413023	diŋ	mark04vox_ker	326019.98866213154	326359.98866213154	0.4411431239161175
62	i	360569.9886621315	360739.9886621315	587f29fc-aa5c-11ea-b902-03390ff50237	0000	mark04vox_ker	4056	4056	phone	phone	3063	3063	SEGMENT	15901137	15908633	44100	360654.9886621315	85	0.5	277.50000000004064	2052.0000000000928	2996.000000000012	3577.50000000018	68.96466827392506	bi	mark04vox_ker	360459.98866213154	360739.9886621315	0.6964285714285083
63	i	363129.9886621315	363159.98866213154	587f29fc-aa5c-11ea-b902-03390ff50237	0000	mark04vox_ker	4082	4082	phone	phone	3089	3089	SEGMENT	16014033	16015355	44100	363144.9886621315	15.000000000029104	0.5	271	2034	2885	3584	70.06486129760742	diŋa	mark04vox_ker	363069.9886621315	363309.9886621315	0.3125
64	i	437499.9886621315	437759.9886621315	587f29fc-aa5c-11ea-b902-03390ff50237	0000	mark04vox_ker	4107	4107	phone	phone	3114	3114	SEGMENT	19293750	19305215	44100	437629.9886621315	130	0.5	318	2043.5	2723	3519.5	81.927032470703125	ɗeketi	mark04vox_ker	437079.98866213154	437759.9886621315	0.8088235294117483
65	i	83399.98866213152	83459.96598639457	587f29fc-aa5c-11ea-b902-03390ff50237	0000	mark14vox_ker	787	787	phone	phone	24	24	SEGMENT	3677940	3680584	44100	83429.97732426305	29.988662131523597	0.5	232.5	1918	2941.5	3471	70.72695541381836	ɗeketi	mark14vox_ker	83069.96598639457	83459.96598639457	0.9231059945345549
66	i	89979.98866213152	90099.96598639456	587f29fc-aa5c-11ea-b902-03390ff50237	0000	mark14vox_ker	855	855	phone	phone	92	92	SEGMENT	3968118	3973408	44100	90039.97732426305	59.98866213151632	0.5	316.0000000000813	1997.999999999939	3023.50000000001	3608.000000000183	70.2991523742624	faɗi	mark14vox_ker	89799.98866213152	90099.96598639456	0.8000226774510847
67	i	93259.98866213152	93289.98866213152	587f29fc-aa5c-11ea-b902-03390ff50237	0000	mark14vox_ker	878	878	phone	phone	115	115	SEGMENT	4112766	4114088	44100	93274.98866213152	15	0.5	181.00000000002322	1877.4999999998315	2778.99999999892	3758.0000000001046	61.19646644592158	ji	mark14vox_ker	93179.98866213152	93289.98866213152	0.8636363636363636
68	i	94269.98866213152	94389.98866213151	587f29fc-aa5c-11ea-b902-03390ff50237	0000	mark14vox_ker	895	895	phone	phone	132	132	SEGMENT	4157307	4162598	44100	94329.98866213151	59.999999999992724	0.5	316	1946.9999999999593	3079.9999999997153	3596.499999999746	65.95803833007906	saksaki	mark14vox_ker	93859.98866213151	94389.98866213151	0.8867924528301887
69	i	97479.98866213152	97569.98866213152	587f29fc-aa5c-11ea-b902-03390ff50237	0000	mark14vox_ker	925	925	phone	phone	162	162	SEGMENT	4298868	4302836	44100	97524.98866213152	45	0.5	273.5000000000102	1991.500000000016	2896.500000000033	3358.0000000000464	73.74706649780212	diŋ	mark14vox_ker	97399.98866213152	97679.98866213152	0.44642857142857145
70	i	99149.98866213152	99219.98866213151	587f29fc-aa5c-11ea-b902-03390ff50237	0000	mark14vox_ker	943	943	phone	phone	180	180	SEGMENT	4372515	4375601	44100	99184.98866213151	34.999999999992724	0.5	290	2090.499999999859	2985.000000000012	3464.9999999999363	68.46905899047816	di	mark14vox_ker	99049.98866213152	99219.98866213151	0.7941176470588059
71	i	102069.98866213152	102099.98866213152	587f29fc-aa5c-11ea-b902-03390ff50237	0000	mark14vox_ker	967	967	phone	phone	204	204	SEGMENT	4501287	4502609	44100	102084.98866213152	15	0.5	269.9999999999971	1878.5000000000914	2541.5000000002046	3343.500000000051	69.74226760864333	ji	mark14vox_ker	101979.98866213152	102099.98866213152	0.875
72	i	103059.98866213152	103099.98866213152	587f29fc-aa5c-11ea-b902-03390ff50237	0000	mark14vox_ker	984	984	phone	phone	221	221	SEGMENT	4544946	4546709	44100	103079.98866213152	20	0.5	372.00000000021777	852.9999999975317	2395.0000000007985	3520.000000001597	66.01744842531879	saksaki	mark14vox_ker	102689.98866213152	103099.98866213152	0.9512195121951219
73	i	108919.98866213151	109159.98866213152	587f29fc-aa5c-11ea-b902-03390ff50237	0000	mark14vox_ker	1058	1058	phone	phone	295	295	SEGMENT	4803372	4813955	44100	109039.98866213151	120.00000000000728	0.5	271.5	1879.5	2873	3303.5	70.9425277709961	bi	mark14vox_ker	108839.98866213152	109159.98866213152	0.6249999999999545
74	i	110329.98866213151	110519.98866213152	587f29fc-aa5c-11ea-b902-03390ff50237	0000	mark14vox_ker	1076	1076	phone	phone	313	313	SEGMENT	4865553	4873931	44100	110424.98866213151	95.00000000000728	0.5	370	2138.5	2941.5	3257	68.27694320678711	mi	mark14vox_ker	110239.98866213152	110519.98866213152	0.6607142857142337
75	i	126309.98866213152	126399.98866213152	587f29fc-aa5c-11ea-b902-03390ff50237	0000	mark14vox_ker	1270	1270	phone	phone	507	507	SEGMENT	5570271	5574239	44100	126354.98866213152	45	0.5	300.5	1874	2890	3417.5	68.38496017456055	saksaki	mark14vox_ker	125909.98866213152	126399.98866213152	0.9081632653061225
76	i	182649.9886621315	182729.9886621315	587f29fc-aa5c-11ea-b902-03390ff50237	0000	mark14vox_ker	1283	1283	phone	phone	520	520	SEGMENT	8054865	8058392	44100	182689.9886621315	40	0.5	318.999999999698	1958.4999999994716	2729.4999999967536	3378.000000002869	74.3800506591832	vil	mark14vox_ker	182569.9886621315	182779.98866213154	0.5714285714284922
77	i	185709.9886621315	185739.9886621315	587f29fc-aa5c-11ea-b902-03390ff50237	0000	mark14vox_ker	1314	1314	phone	phone	551	551	SEGMENT	8189811	8191133	44100	185724.9886621315	15	0.5	0	1808.5	2703.5	3389	58.022987365722656	hodi	mark14vox_ker	185499.98866213154	185739.9886621315	0.9374999999999925
78	i	188129.98866213154	188239.9886621315	587f29fc-aa5c-11ea-b902-03390ff50237	0000	mark14vox_ker	1339	1339	phone	phone	576	576	SEGMENT	8296533	8301383	44100	188184.98866213154	54.99999999998545	0.5	297.4999999999855	1970.9999999995935	3008.4999999998695	3714.999999999361	71.74778747557622	faɗi	mark14vox_ker	187919.96598639456	188239.9886621315	0.8281371784880053
79	i	196909.98866213154	196999.98866213154	587f29fc-aa5c-11ea-b902-03390ff50237	0000	mark14vox_ker	1443	1443	phone	phone	680	680	SEGMENT	8683731	8687699	44100	196954.98866213154	45	0.5	298.0000000002439	2052.0000000000814	3250.500000000447	3358.4999999991464	72.75121688843551	pakiŋ	mark14vox_ker	196719.98866213154	197029.98866213154	0.7580645161290323
80	i	236259.9886621315	236289.9886621315	587f29fc-aa5c-11ea-b902-03390ff50237	0000	mark14vox_ker	1647	1647	phone	phone	884	884	SEGMENT	10419066	10420388	44100	236274.9886621315	15	0.5	664.000000000151	0	2886.5000000005284	3720.0000000016144	41.232837676989064	laki	mark14vox_ker	236039.9886621315	236289.9886621315	0.94
81	i	237179.9886621315	237219.98866213154	587f29fc-aa5c-11ea-b902-03390ff50237	0000	mark14vox_ker	1657	1657	phone	phone	894	894	SEGMENT	10459638	10461401	44100	237199.98866213154	20.000000000014552	0.5	339.0000000002962	2461.499999997384	3183.500000000839	3401.9999999922993	75.71852111819467	ji	mark14vox_ker	237049.9886621315	237219.98866213154	0.8823529411764908
82	i	237499.98866213154	237529.98866213154	587f29fc-aa5c-11ea-b902-03390ff50237	0000	mark14vox_ker	1664	1664	phone	phone	901	901	SEGMENT	10473750	10475072	44100	237514.98866213154	15	0.5	371.50000000002615	1839.5000000070302	2409.0000000071086	3617.4999999991896	79.30060195923781	akoloki	mark14vox_ker	237219.98866213154	237529.98866213154	0.9516129032258065
83	i	252889.9886621315	252919.9886621315	587f29fc-aa5c-11ea-b902-03390ff50237	0000	mark14vox_ker	1699	1699	phone	phone	936	936	SEGMENT	11152449	11153771	44100	252904.9886621315	15	0.5	269.9999999999826	0	2261.5000000000146	3091.999999999332	67.10503387450862	ɓasiŋa	mark14vox_ker	252619.98866213154	253009.9886621315	0.7307692307692106
84	i	258129.9886621315	258159.98866213154	587f29fc-aa5c-11ea-b902-03390ff50237	0000	mark14vox_ker	1759	1759	phone	phone	996	996	SEGMENT	11383533	11384855	44100	258144.98866213154	15.000000000014552	0.5	318	2045.5	2697	3791	62.763118743896484	damdi	mark14vox_ker	257819.98866213148	258159.98866213154	0.9558823529411841
85	i	264809.9886621315	264859.98866213154	587f29fc-aa5c-11ea-b902-03390ff50237	0000	mark14vox_ker	1835	1835	phone	phone	1072	1072	SEGMENT	11678121	11680325	44100	264834.9886621315	25.000000000029104	0.5	234.00000000003485	2018.4999999998315	2826.4999999964516	3403.4999999967185	70.94705581665274	akolokiŋ	mark14vox_ker	264459.98866213154	264889.98866213154	0.8720930232556786
86	i	319149.96598639456	319179.9886621315	587f29fc-aa5c-11ea-b902-03390ff50237	0000	mark14vox_ker	2059	2059	phone	phone	1296	1296	SEGMENT	14074514	14075837	44100	319164.977324263	15.011337868461851	0.5	237.99999999987224	2048.000000000151	3028.0000000003715	3785.500000000157	71.37224960326577	ji	mark14vox_ker	319049.98866213154	319179.9886621315	0.8845281702425495
87	i	320729.98866213154	320759.9886621315	587f29fc-aa5c-11ea-b902-03390ff50237	0000	mark14vox_ker	2083	2083	phone	phone	1320	1320	SEGMENT	14144193	14145515	44100	320744.9886621315	14.999999999970896	0.5	305.00000000020907	1104.0000000384694	2333.000000002021	3298.000000005192	74.03884124757505	nəətiŋa	mark14vox_ker	320509.9886621315	320919.98866213154	0.5731707317072356
88	i	335689.9886621315	335719.98866213154	587f29fc-aa5c-11ea-b902-03390ff50237	0000	mark14vox_ker	2243	2243	phone	phone	1480	1480	SEGMENT	14803929	14805251	44100	335704.9886621315	15.000000000029104	0.5	277.5000000003833	2028.4999999992915	3076.000000000906	3734.9999999988618	71.6989746093884	ji	mark14vox_ker	335539.98866213154	335719.98866213154	0.9166666666663433
89	i	336479.98866213154	336609.98866213154	587f29fc-aa5c-11ea-b902-03390ff50237	0000	mark14vox_ker	2257	2257	phone	phone	1494	1494	SEGMENT	14838768	14844500	44100	336544.98866213154	65	0.5	251.5000000000058	2102.5000000000873	3186.500000000029	3721.4999999995875	73.14218521118258	galile	mark14vox_ker	336269.98866213154	336689.9886621315	0.6547619047619955
90	i	350459.98866213154	350609.98866213154	587f29fc-aa5c-11ea-b902-03390ff50237	0000	mark14vox_ker	2303	2303	phone	phone	1540	1540	SEGMENT	15455286	15461900	44100	350534.98866213154	75	0.5	326.5000000000058	1936.4999999999013	2827.5000000000523	3474.999999999791	77.43229675292916	faɗi	mark14vox_ker	350259.9886621315	350609.98866213154	0.7857142857143213
91	i	352309.9886621315	352369.9886621315	587f29fc-aa5c-11ea-b902-03390ff50237	0000	mark14vox_ker	2322	2322	phone	phone	1559	1559	SEGMENT	15536871	15539516	44100	352339.9886621315	30	0.5	322.00000000000006	2244	3099	3692	73.40340042114258	goglokiŋ	mark14vox_ker	351979.98866213154	352449.98866213154	0.7659574468083868
92	i	353529.96598639456	353639.98866213154	587f29fc-aa5c-11ea-b902-03390ff50237	0000	mark14vox_ker	2335	2335	phone	phone	1572	1572	SEGMENT	15590672	15595523	44100	353584.9773242631	55.011337868490955	0.5	288.0000000008363	2129.9999999876645	3039.999999993937	3846.9999999977003	73.29648971557138	ɓasiŋ	mark14vox_ker	353209.98866213154	353719.98866213154	0.7352718865324277
93	i	456579.98866213154	456639.98866213154	587f29fc-aa5c-11ea-b902-03390ff50237	0000	mark14vox_ker	2411	2411	phone	phone	1648	1648	SEGMENT	20135178	20137823	44100	456609.98866213154	30	0.5	301	1863.5	2692	3414	77.11257553100586	simoŋ	mark14vox_ker	456419.98866213154	456879.9886621315	0.4130434782609218
94	i	457799.98866213154	457899.98866213154	587f29fc-aa5c-11ea-b902-03390ff50237	0000	mark14vox_ker	2425	2425	phone	phone	1662	1662	SEGMENT	20188980	20193389	44100	457849.98866213154	50	0.5	271	2082.5	3087.5	3649.5	78.968475341796875	kin	mark14vox_ker	457759.9886621315	457949.98866213154	0.473684210526477
95	i	460469.98866213154	460599.98866213154	587f29fc-aa5c-11ea-b902-03390ff50237	0000	mark14vox_ker	2453	2453	phone	phone	1690	1690	SEGMENT	20306727	20312459	44100	460534.98866213154	65	0.5	364.49999999997675	1591.9999999998606	2337.500000000116	3332.0000000002324	79.99893569945444	ji	mark14vox_ker	460379.9886621315	460599.98866213154	0.7045454545455327
96	i	461369.9886621315	461519.98866213154	587f29fc-aa5c-11ea-b902-03390ff50237	0000	mark14vox_ker	2469	2469	phone	phone	1706	1706	SEGMENT	20346417	20353031	44100	461444.9886621315	75.0000000000291	0.5	241.9999999999071	2084.5000000003947	3004.5000000004416	3504.0000000027876	69.45930480956075	ceki	mark14vox_ker	461179.9886621315	461519.98866213154	0.7794117647057489
97	i	464609.98866213154	464649.98866213154	587f29fc-aa5c-11ea-b902-03390ff50237	0000	mark14vox_ker	2502	2502	phone	phone	1739	1739	SEGMENT	20489301	20491064	44100	464629.98866213154	20	0.5	242.500000000302	2024.0000000001858	2793.000000011104	3383.5000000139153	71.49610519411137	kir	mark14vox_ker	464489.9886621315	464719.98866213154	0.6086956521740121
98	i	470399.98866213154	470439.9886621315	587f29fc-aa5c-11ea-b902-03390ff50237	0000	mark14vox_ker	2576	2576	phone	phone	1813	1813	SEGMENT	20744640	20746403	44100	470419.9886621315	19.999999999970896	0.5	254.99999999979093	1851.4999999971776	2632.5000000084674	3220.5000000078403	72.85167694083817	ji	mark14vox_ker	470289.98866213154	470439.9886621315	0.866666666666615
99	i	472089.98866213154	472119.9886621315	587f29fc-aa5c-11ea-b902-03390ff50237	0000	mark14vox_ker	2593	2593	phone	phone	1830	1830	SEGMENT	20819169	20820491	44100	472104.9886621315	14.999999999970896	0.5	393.5000000000058	2394.4999999996576	3121.0000000001046	3663.4999999989486	70.57420730591309	kusukiŋa	mark14vox_ker	471689.9886621315	472279.98866213154	0.7033898305084052
100	i	498219.98866213154	498259.9886621315	587f29fc-aa5c-11ea-b902-03390ff50237	0000	mark14vox_ker	2635	2635	phone	phone	1872	1872	SEGMENT	21971502	21973265	44100	498239.9886621315	19.999999999970896	0.5	266.50000000009294	1980.4999999991637	2976.9999999981414	3519.000000004274	75.29845428475805	kina	mark14vox_ker	498109.98866213154	498479.98866213154	0.35135135135119405
101	i	504579.98866213154	504629.9886621315	587f29fc-aa5c-11ea-b902-03390ff50237	0000	mark14vox_ker	2712	2712	phone	phone	1949	1949	SEGMENT	22251978	22254182	44100	504604.9886621315	24.999999999970896	0.5	579.0000000004878	1289.5000000009816	2114.9999999987454	3674.500000000215	36.00954246524658	kasi	mark14vox_ker	504379.9886621315	504629.9886621315	0.9
102	i	580069.9886621316	580129.9886621315	587f29fc-aa5c-11ea-b902-03390ff50237	0000	mark14vox_ker	2806	2806	phone	phone	2043	2043	SEGMENT	25581087	25583732	44100	580099.9886621316	29.999999999941792	0.5	239.99999999959346	2016.0000000040652	2922.999999998455	3412.999999995691	70.22415924072678	bi	mark14vox_ker	579989.9886621315	580129.9886621315	0.7857142857151173
103	i	709399.9886621315	709449.9886621316	587f29fc-aa5c-11ea-b902-03390ff50237	0000	mark14vox_ker	3025	3025	phone	phone	2262	2262	SEGMENT	31284540	31286744	44100	709424.9886621316	25.000000000058208	0.5	1103.4999999990011	1695.999999995958	2998.999999997956	2117.9999999015968	44.8501186369121	kasi	mark14vox_ker	709199.9886621316	709449.9886621316	0.9
104	i	710859.9886621315	710889.9886621315	587f29fc-aa5c-11ea-b902-03390ff50237	0000	mark14vox_ker	3045	3045	phone	phone	2282	2282	SEGMENT	31348926	31350248	44100	710874.9886621315	15	0.5	432.4999999995354	2205.500000001394	3059.500000009199	3531.9999999983274	69.858806610059	səɓakiŋa	mark14vox_ker	710479.9886621315	710969.9886621315	0.8061224489795918
105	i	713149.9886621315	713199.9886621316	587f29fc-aa5c-11ea-b902-03390ff50237	0000	mark14vox_ker	3063	3063	phone	phone	2300	2300	SEGMENT	31449915	31452119	44100	713174.9886621316	25.000000000058208	0.5	232	1931.5	2958.5	3411	73.21089935302734	bi	mark14vox_ker	713029.9886621315	713199.9886621316	0.8529411764706889
106	i	831779.9886621315	831829.9886621316	587f29fc-aa5c-11ea-b902-03390ff50237	0000	mark14vox_ker	3107	3107	phone	phone	2344	2344	SEGMENT	36681498	36683702	44100	831804.9886621316	25.000000000058208	0.5	299.5	2080	2737	3262.5	69.83642196655273	goglokiŋ	mark14vox_ker	831409.9886621315	831909.9886621315	0.7900000000002328
107	i	832629.9886621315	832719.9886621315	587f29fc-aa5c-11ea-b902-03390ff50237	0000	mark14vox_ker	3119	3119	phone	phone	2356	2356	SEGMENT	36718983	36722951	44100	832674.9886621315	45	0.5	259.9999999998606	1915.999999998885	2797.500000000488	3276.500000001742	73.23194122315151	ɓasiŋ	mark14vox_ker	832329.9886621316	832819.9886621316	0.7040816326528236
108	i	189127.97052154195	189197.97052154195	587f29fc-aa5c-11ea-b902-03390ff50237	0000	mark16vox_ker	341	341	phone	phone	228	228	SEGMENT	8340544	8343630	44100	189162.97052154195	35	0.5	281	1920.5	2526.5	2943	75.86067199707031	kəəsiŋa	mark16vox_ker	188797.97052154195	189387.97052154195	0.6186440677966102
109	i	195057.97052154195	195087.97052154195	587f29fc-aa5c-11ea-b902-03390ff50237	0000	mark16vox_ker	414	414	phone	phone	301	301	SEGMENT	8602057	8603379	44100	195072.97052154195	15	0.5	355.4999999995064	967.4999999848944	2259.0000000019745	3448.9999999964457	66.42108535776933	weseki	mark16vox_ker	194777.97052154195	195087.97052154195	0.9516129032258065
110	i	197567.97052154195	197597.97052154195	587f29fc-aa5c-11ea-b902-03390ff50237	0000	mark16vox_ker	429	429	phone	phone	316	316	SEGMENT	8712748	8714070	44100	197582.97052154195	15	0.5	293.9999999999245	1324.0000000999603	2641.000000001661	3793.000000013363	65.2141819001407	kasi	mark16vox_ker	197247.97052154195	197597.97052154195	0.9571428571428572
