sl_rowIdx	labels	start	end	db_uuid	session	bundle	start_item_id	end_item_id	level	attribute	start_item_seq_idx	end_item_seq_idx	type	sample_start	sample_end	sample_rate	times_orig	times_rel	times_norm	F1	F2	F3	F4	RMS	word_label	check_bundle	word_start	word_end	position_in_word
  1	i	 81591.98	 81861.98	a8ba1a76-4e7c-11ea-a209-0922dd5e0547	0000	mark02vox_ker	 320	 320	phone	phone	  10	  10	SEGMENT	 3598207	 3610113	44100	 81726.98	135.00000	0.5	321.5	2109.0	2874.5	3393.0	72.14663	gəəli	mark02vox_ker	 81321.98	 81861.98	0.75000000
  2	i	 82601.98	 82651.98	a8ba1a76-4e7c-11ea-a209-0922dd5e0547	0000	mark02vox_ker	 331	 331	phone	phone	  21	  21	SEGMENT	 3642748	 3644952	44100	 82626.98	 25.00000	0.5	287.5	1808.5	2514.5	3293.5	74.35117	kumsiŋ	mark02vox_ker	 82291.98	 82681.98	0.85897436
  3	i	 86571.98	 86651.98	a8ba1a76-4e7c-11ea-a209-0922dd5e0547	0000	mark02vox_ker	 378	 378	phone	phone	  68	  68	SEGMENT	 3817825	 3821352	44100	 86611.98	 40.00000	0.5	277.0	1813.5	2740.0	3298.5	73.35239	hurufiŋ	mark02vox_ker	 86211.98	 86681.98	0.85106383
  4	i	 87521.98	 87591.98	a8ba1a76-4e7c-11ea-a209-0922dd5e0547	0000	mark02vox_ker	 384	 384	phone	phone	  74	  74	SEGMENT	 3859720	 3862806	44100	 87556.98	 35.00000	0.5	460.0	1944.5	2744.0	3341.5	72.26295	minti	mark02vox_ker	 87401.98	 87921.98	0.29807692
  5	i	 87721.98	 87921.98	a8ba1a76-4e7c-11ea-a209-0922dd5e0547	0000	mark02vox_ker	 387	 387	phone	phone	  77	  77	SEGMENT	 3868540	 3877359	44100	 87821.98	100.00000	0.5	346.5	2182.5	2428.0	3262.5	69.80768	minti	mark02vox_ker	 87401.98	 87921.98	0.80769231
  6	i	 89341.98	 89381.98	a8ba1a76-4e7c-11ea-a209-0922dd5e0547	0000	mark02vox_ker	 400	 400	phone	phone	  90	  90	SEGMENT	 3939982	 3941745	44100	 89361.98	 20.00000	0.5	287.5	1954.5	2782.0	3377.5	69.75475	nəmtiŋ	mark02vox_ker	 89141.98	 89411.98	0.81481481
  7	i	 89951.98	 89991.98	a8ba1a76-4e7c-11ea-a209-0922dd5e0547	0000	mark02vox_ker	 410	 410	phone	phone	 100	 100	SEGMENT	 3966883	 3968646	44100	 89971.98	 20.00000	0.5	322.5	1855.0	2305.5	3250.0	70.26632	vəəgi	mark02vox_ker	 89691.98	 89991.98	0.93333333
  8	iː	 90141.98	 90241.98	a8ba1a76-4e7c-11ea-a209-0922dd5e0547	0000	mark02vox_ker	 414	 414	phone	phone	 104	 104	SEGMENT	 3975262	 3979671	44100	 90191.98	 50.00000	0.5	219.0	1824.0	2802.5	3579.0	71.60317	giidu	mark02vox_ker	 90061.98	 90341.98	0.46428571
  9	i	 93361.98	 93391.98	a8ba1a76-4e7c-11ea-a209-0922dd5e0547	0000	mark02vox_ker	 438	 438	phone	phone	 128	 128	SEGMENT	 4117264	 4118586	44100	 93376.98	 15.00000	0.5	204.0	2062.5	3091.5	3757.5	65.85312	gisi	mark02vox_ker	 93251.98	 93511.98	0.48076923
 10	i	 93481.98	 93511.98	a8ba1a76-4e7c-11ea-a209-0922dd5e0547	0000	mark02vox_ker	 440	 440	phone	phone	 130	 130	SEGMENT	 4122556	 4123878	44100	 93496.98	 15.00000	0.5	215.5	1314.5	2822.0	3402.5	63.03156	gisi	mark02vox_ker	 93251.98	 93511.98	0.94230769
 11	i	 93711.98	 93771.98	a8ba1a76-4e7c-11ea-a209-0922dd5e0547	0000	mark02vox_ker	 445	 445	phone	phone	 135	 135	SEGMENT	 4132699	 4135344	44100	 93741.98	 30.00000	0.5	305.5	2017.5	2766.5	3138.0	69.29453	nəmtiŋ	mark02vox_ker	 93511.98	 93801.98	0.79310345
 12	i	 97509.99	 97559.99	a8ba1a76-4e7c-11ea-a209-0922dd5e0547	0000	mark02vox_ker	 488	 488	phone	phone	 178	 178	SEGMENT	 4300191	 4302395	44100	 97534.99	 25.00000	0.5	435.0	2076.0	2555.0	3399.5	69.74824	minti	mark02vox_ker	 97439.99	 97789.99	0.27142857
 13	i	 97669.99	 97789.99	a8ba1a76-4e7c-11ea-a209-0922dd5e0547	0000	mark02vox_ker	 491	 491	phone	phone	 181	 181	SEGMENT	 4307247	 4312538	44100	 97729.99	 60.00000	0.5	351.5	1956.0	2887.5	3189.0	69.57161	minti	mark02vox_ker	 97439.99	 97789.99	0.82857143
 14	i	101169.99	101199.99	a8ba1a76-4e7c-11ea-a209-0922dd5e0547	0000	mark02vox_ker	 535	 535	phone	phone	 225	 225	SEGMENT	 4461597	 4462919	44100	101184.99	 15.00000	0.5	316.0	1282.0	2022.5	3229.5	68.44790	vəəgi	mark02vox_ker	100949.99	101199.99	0.94000000
 15	iː	101369.99	101459.99	a8ba1a76-4e7c-11ea-a209-0922dd5e0547	0000	mark02vox_ker	 539	 539	phone	phone	 229	 229	SEGMENT	 4470417	 4474385	44100	101414.99	 45.00000	0.5	216.0	1890.0	3006.0	3488.0	69.11067	giiduŋ	mark02vox_ker	101279.99	101659.99	0.35526316
 16	i	227419.99	227489.99	a8ba1a76-4e7c-11ea-a209-0922dd5e0547	0000	mark02vox_ker	 574	 574	phone	phone	 264	 264	SEGMENT	10029222	10032308	44100	227454.99	 35.00000	0.5	432.5	2121.5	2931.5	3368.0	72.55311	minti	mark02vox_ker	227349.99	227829.99	0.21875000
 17	i	227599.99	227829.99	a8ba1a76-4e7c-11ea-a209-0922dd5e0547	0000	mark02vox_ker	 577	 577	phone	phone	 267	 267	SEGMENT	10037160	10047302	44100	227714.99	115.00000	0.5	359.5	1933.5	2824.0	3265.0	71.91193	minti	mark02vox_ker	227349.99	227829.99	0.76041667
 18	i	231259.99	231399.99	a8ba1a76-4e7c-11ea-a209-0922dd5e0547	0000	mark02vox_ker	 620	 620	phone	phone	 310	 310	SEGMENT	10198566	10204739	44100	231329.99	 70.00000	0.5	295.5	1919.5	2914.5	3522.5	70.81971	kusri	mark02vox_ker	230969.99	231399.99	0.83720930
 19	i	235835.98	235885.98	a8ba1a76-4e7c-11ea-a209-0922dd5e0547	0000	mark02vox_ker	 674	 674	phone	phone	 364	 364	SEGMENT	10400367	10402571	44100	235860.98	 25.00000	0.5	437.0	1938.5	2607.5	3237.0	73.70655	minti	mark02vox_ker	235765.98	236095.98	0.28787879
 20	i	235995.98	236095.98	a8ba1a76-4e7c-11ea-a209-0922dd5e0547	0000	mark02vox_ker	 677	 677	phone	phone	 367	 367	SEGMENT	10407423	10411832	44100	236045.98	 50.00000	0.5	325.5	2105.5	2795.5	3374.5	71.86874	minti	mark02vox_ker	235765.98	236095.98	0.84848485
 21	i	236705.98	236735.98	a8ba1a76-4e7c-11ea-a209-0922dd5e0547	0000	mark02vox_ker	 688	 688	phone	phone	 378	 378	SEGMENT	10438734	10440056	44100	236720.98	 15.00000	0.5	267.0	1651.5	2347.0	3389.5	66.13498	kuɗfi	mark02vox_ker	236435.98	236735.98	0.95000000
 22	i	251985.98	252015.98	a8ba1a76-4e7c-11ea-a209-0922dd5e0547	0000	mark02vox_ker	 867	 867	phone	phone	 557	 557	SEGMENT	11112582	11113904	44100	252000.98	 15.00000	0.5	217.5	1917.0	2720.0	3393.0	69.50286	pisi	mark02vox_ker	251875.98	252075.98	0.62500000
 23	i	252045.98	252075.98	a8ba1a76-4e7c-11ea-a209-0922dd5e0547	0000	mark02vox_ker	 869	 869	phone	phone	 559	 559	SEGMENT	11115228	11116550	44100	252060.98	 15.00000	0.5	200.5	1845.0	2651.0	3817.0	64.12067	pisi	mark02vox_ker	251875.98	252075.98	0.92500000
 24	i	256273.98	256343.98	a8ba1a76-4e7c-11ea-a209-0922dd5e0547	0000	mark02vox_ker	 912	 912	phone	phone	 602	 602	SEGMENT	11301683	11304769	44100	256308.98	 35.00000	0.5	448.5	2531.0	2920.0	3600.5	69.81841	minti	mark02vox_ker	256203.98	256513.98	0.33870968
 25	i	256433.98	256513.98	a8ba1a76-4e7c-11ea-a209-0922dd5e0547	0000	mark02vox_ker	 915	 915	phone	phone	 605	 605	SEGMENT	11308739	11312266	44100	256473.98	 40.00000	0.5	346.0	2024.5	2778.5	3225.5	68.79242	minti	mark02vox_ker	256203.98	256513.98	0.87096774
 26	iː	257093.98	257173.98	a8ba1a76-4e7c-11ea-a209-0922dd5e0547	0000	mark02vox_ker	 924	 924	phone	phone	 614	 614	SEGMENT	11337845	11341372	44100	257133.98	 40.00000	0.5	260.0	1901.5	2897.5	3113.5	70.17973	siipə	mark02vox_ker	256933.98	257343.98	0.48780488
 27	i	257433.98	257473.98	a8ba1a76-4e7c-11ea-a209-0922dd5e0547	0000	mark02vox_ker	 928	 928	phone	phone	 618	 618	SEGMENT	11352839	11354602	44100	257453.98	 20.00000	0.5	259.5	1967.5	2791.0	3317.5	72.37236	kimirwi	mark02vox_ker	257343.98	257893.98	0.20000000
 28	i	257533.98	257563.98	a8ba1a76-4e7c-11ea-a209-0922dd5e0547	0000	mark02vox_ker	 930	 930	phone	phone	 620	 620	SEGMENT	11357249	11358571	44100	257548.98	 15.00000	0.5	340.5	1857.0	2193.5	2922.5	72.43484	kimirwi	mark02vox_ker	257343.98	257893.98	0.37272727
 29	i	257703.98	257893.98	a8ba1a76-4e7c-11ea-a209-0922dd5e0547	0000	mark02vox_ker	 933	 933	phone	phone	 623	 623	SEGMENT	11364746	11373124	44100	257798.98	 95.00000	0.5	325.0	1884.5	2714.5	3227.0	71.14156	kimirwi	mark02vox_ker	257343.98	257893.98	0.82727273
 30	iː	258673.98	258783.98	a8ba1a76-4e7c-11ea-a209-0922dd5e0547	0000	mark02vox_ker	 936	 936	phone	phone	 626	 626	SEGMENT	11407523	11412373	44100	258728.98	 55.00000	0.5	278.0	1976.5	3086.5	3436.5	70.76569	giidə	mark02vox_ker	258573.98	258853.98	0.55357143
 31	i	260133.98	260243.98	a8ba1a76-4e7c-11ea-a209-0922dd5e0547	0000	mark02vox_ker	 959	 959	phone	phone	 649	 649	SEGMENT	11471909	11476759	44100	260188.98	 55.00000	0.5	284.5	1895.0	3007.0	3398.0	70.37094	pəərəŋki	mark02vox_ker	259673.98	260243.98	0.90350877
 32	i	270073.98	270123.98	a8ba1a76-4e7c-11ea-a209-0922dd5e0547	0000	mark02vox_ker	1056	1056	phone	phone	 746	 746	SEGMENT	11910263	11912467	44100	270098.98	 25.00000	0.5	412.5	1805.5	2586.5	3234.0	69.61314	minti	mark02vox_ker	269983.98	270453.98	0.24468085
 33	i	270223.98	270453.98	a8ba1a76-4e7c-11ea-a209-0922dd5e0547	0000	mark02vox_ker	1059	1059	phone	phone	 749	 749	SEGMENT	11916878	11927020	44100	270338.98	115.00000	0.5	358.0	2010.0	2858.0	3317.0	70.03659	minti	mark02vox_ker	269983.98	270453.98	0.75531915
 34	iː	271043.98	271133.98	a8ba1a76-4e7c-11ea-a209-0922dd5e0547	0000	mark02vox_ker	1068	1068	phone	phone	 758	 758	SEGMENT	11953040	11957008	44100	271088.98	 45.00000	0.5	290.5	1824.5	2809.0	3604.5	70.33890	siipə	mark02vox_ker	270903.98	271293.98	0.47435897
 35	i	271373.98	271423.98	a8ba1a76-4e7c-11ea-a209-0922dd5e0547	0000	mark02vox_ker	1072	1072	phone	phone	 762	 762	SEGMENT	11967593	11969797	44100	271398.98	 25.00000	0.5	275.5	1956.5	2411.5	3010.5	74.16783	kimirwiŋ	mark02vox_ker	271293.98	271883.98	0.17796610
 36	i	271483.98	271513.98	a8ba1a76-4e7c-11ea-a209-0922dd5e0547	0000	mark02vox_ker	1074	1074	phone	phone	 764	 764	SEGMENT	11972444	11973766	44100	271498.98	 15.00000	0.5	354.0	1859.0	2586.0	3558.5	73.22575	kimirwiŋ	mark02vox_ker	271293.98	271883.98	0.34745763
 37	i	271653.98	271803.98	a8ba1a76-4e7c-11ea-a209-0922dd5e0547	0000	mark02vox_ker	1077	1077	phone	phone	 767	 767	SEGMENT	11979941	11986555	44100	271728.98	 75.00000	0.5	294.0	1857.5	2668.0	3174.5	72.74604	kimirwiŋ	mark02vox_ker	271293.98	271883.98	0.73728814
 38	iː	273053.98	273143.98	a8ba1a76-4e7c-11ea-a209-0922dd5e0547	0000	mark02vox_ker	1086	1086	phone	phone	 776	 776	SEGMENT	12041681	12045649	44100	273098.98	 45.00000	0.5	239.0	1978.5	3235.5	3687.5	67.73632	giidə	mark02vox_ker	272943.98	273213.98	0.57407407
 39	i	273703.98	273733.98	a8ba1a76-4e7c-11ea-a209-0922dd5e0547	0000	mark02vox_ker	1098	1098	phone	phone	 788	 788	SEGMENT	12070346	12071668	44100	273718.98	 15.00000	0.5	230.0	1847.0	2578.0	3240.5	68.57230	kimirwi	mark02vox_ker	273613.98	274063.98	0.23333333
 40	i	273783.98	273813.98	a8ba1a76-4e7c-11ea-a209-0922dd5e0547	0000	mark02vox_ker	1100	1100	phone	phone	 790	 790	SEGMENT	12073874	12075196	44100	273798.98	 15.00000	0.5	352.0	1775.0	2190.0	2969.0	75.58681	kimirwi	mark02vox_ker	273613.98	274063.98	0.41111111
 41	i	273953.98	274063.98	a8ba1a76-4e7c-11ea-a209-0922dd5e0547	0000	mark02vox_ker	1103	1103	phone	phone	 793	 793	SEGMENT	12081371	12086221	44100	274008.98	 55.00000	0.5	340.0	1905.5	2748.5	3341.0	70.92067	kimirwi	mark02vox_ker	273613.98	274063.98	0.87777778
 42	i	308589.97	308639.99	a8ba1a76-4e7c-11ea-a209-0922dd5e0547	0000	mark02vox_ker	1116	1116	phone	phone	 806	 806	SEGMENT	13608818	13611023	44100	308614.98	 25.01134	0.5	400.5	2311.5	3004.5	3438.0	69.57755	minti	mark02vox_ker	308549.99	308849.99	0.21662887
 43	i	308739.99	308849.99	a8ba1a76-4e7c-11ea-a209-0922dd5e0547	0000	mark02vox_ker	1119	1119	phone	phone	 809	 809	SEGMENT	13615434	13620284	44100	308794.99	 55.00000	0.5	450.5	2333.5	2911.5	3540.5	69.54079	minti	mark02vox_ker	308549.99	308849.99	0.81666667
 44	iː	312599.99	312689.99	a8ba1a76-4e7c-11ea-a209-0922dd5e0547	0000	mark02vox_ker	1164	1164	phone	phone	 854	 854	SEGMENT	13785660	13789628	44100	312644.99	 45.00000	0.5	283.5	2009.0	3101.0	3289.0	70.90782	giidə	mark02vox_ker	312529.97	312749.99	0.52277646
 45	i	313109.99	313139.99	a8ba1a76-4e7c-11ea-a209-0922dd5e0547	0000	mark02vox_ker	1173	1173	phone	phone	 863	 863	SEGMENT	13808151	13809473	44100	313124.99	 15.00000	0.5	204.5	1626.0	2774.5	3427.0	53.21950	muryuki	mark02vox_ker	312749.99	313139.99	0.96153846
 46	i	315149.97	315199.99	a8ba1a76-4e7c-11ea-a209-0922dd5e0547	0000	mark02vox_ker	1198	1198	phone	phone	 888	 888	SEGMENT	13898114	13900319	44100	315174.98	 25.01134	0.5	434.0	1897.0	2528.5	3322.5	72.36789	minti	mark02vox_ker	315089.97	315559.99	0.18086646
 47	i	315339.97	315559.99	a8ba1a76-4e7c-11ea-a209-0922dd5e0547	0000	mark02vox_ker	1201	1201	phone	phone	 891	 891	SEGMENT	13906493	13916195	44100	315449.98	110.01134	0.5	311.5	2025.5	2385.0	3002.0	71.62372	minti	mark02vox_ker	315089.97	315559.99	0.76594462
 48	i	321729.99	321799.99	a8ba1a76-4e7c-11ea-a209-0922dd5e0547	0000	mark02vox_ker	1261	1261	phone	phone	 951	 951	SEGMENT	14188293	14191379	44100	321764.99	 35.00000	0.5	235.5	1884.5	2948.0	3530.0	72.35422	gili	mark02vox_ker	321669.99	321879.99	0.45238095
 49	i	321849.99	321879.99	a8ba1a76-4e7c-11ea-a209-0922dd5e0547	0000	mark02vox_ker	1263	1263	phone	phone	 953	 953	SEGMENT	14193585	14194907	44100	321864.99	 15.00000	0.5	273.0	1687.5	2635.5	3790.0	67.00334	gili	mark02vox_ker	321669.99	321879.99	0.92857143
 50	i	322899.97	322959.99	a8ba1a76-4e7c-11ea-a209-0922dd5e0547	0000	mark02vox_ker	1278	1278	phone	phone	 968	 968	SEGMENT	14239889	14242535	44100	322929.98	 30.01134	0.5	429.5	1927.5	2576.0	3306.0	67.90934	minti	mark02vox_ker	322839.97	323279.97	0.20457122
 51	i	323069.99	323279.97	a8ba1a76-4e7c-11ea-a209-0922dd5e0547	0000	mark02vox_ker	1281	1281	phone	phone	 971	 971	SEGMENT	14247387	14256646	44100	323174.98	104.98866	0.5	347.5	1974.0	2733.0	3325.5	70.53951	minti	mark02vox_ker	322839.97	323279.97	0.76138940
 52	i	273357.97	273417.97	a8ba1a76-4e7c-11ea-a209-0922dd5e0547	0000	mark03vox_ker	 215	 215	phone	phone	  18	  18	SEGMENT	12055087	12057732	44100	273387.97	 30.00000	0.5	417.0	1891.5	2588.0	3324.0	69.08365	minti	mark03vox_ker	273297.97	273637.97	0.26470588
 53	i	273517.97	273637.97	a8ba1a76-4e7c-11ea-a209-0922dd5e0547	0000	mark03vox_ker	 218	 218	phone	phone	  21	  21	SEGMENT	12062143	12067434	44100	273577.97	 60.00000	0.5	297.0	2102.5	3170.0	3541.5	71.36662	minti	mark03vox_ker	273297.97	273637.97	0.82352941
 54	iː	273747.97	273807.97	a8ba1a76-4e7c-11ea-a209-0922dd5e0547	0000	mark03vox_ker	 220	 220	phone	phone	  23	  23	SEGMENT	12072286	12074931	44100	273777.97	 30.00000	0.5	239.5	2022.5	3154.5	3694.0	70.52936	giidə	mark03vox_ker	273637.97	273877.97	0.58333333
 55	i	276267.97	276377.97	a8ba1a76-4e7c-11ea-a209-0922dd5e0547	0000	mark03vox_ker	 256	 256	phone	phone	  59	  59	SEGMENT	12183418	12188268	44100	276322.97	 55.00000	0.5	312.0	2077.0	2659.5	3226.0	71.25657	duuri	mark03vox_ker	276007.97	276377.97	0.85135135
 56	i	277027.97	277087.97	a8ba1a76-4e7c-11ea-a209-0922dd5e0547	0000	mark03vox_ker	 268	 268	phone	phone	  71	  71	SEGMENT	12216934	12219579	44100	277057.97	 30.00000	0.5	268.5	1759.5	2450.5	3108.5	70.01545	kumsi	mark03vox_ker	276787.97	277087.97	0.90000000
 57	i	281337.97	281397.97	a8ba1a76-4e7c-11ea-a209-0922dd5e0547	0000	mark03vox_ker	 303	 303	phone	phone	 106	 106	SEGMENT	12407005	12409650	44100	281367.97	 30.00000	0.5	455.0	1953.0	2599.5	3360.0	69.83451	minti	mark03vox_ker	281267.97	281727.97	0.21739130
 58	i	281507.97	281727.97	a8ba1a76-4e7c-11ea-a209-0922dd5e0547	0000	mark03vox_ker	 306	 306	phone	phone	 109	 109	SEGMENT	12414502	12424203	44100	281617.97	110.00000	0.5	511.5	1945.0	2744.0	3366.0	73.68242	minti	mark03vox_ker	281267.97	281727.97	0.76086957
 59	i	282957.97	282997.97	a8ba1a76-4e7c-11ea-a209-0922dd5e0547	0000	mark03vox_ker	 315	 315	phone	phone	 118	 118	SEGMENT	12478447	12480210	44100	282977.97	 20.00000	0.5	510.0	1851.5	2438.0	3336.5	74.11350	kusri	mark03vox_ker	282627.97	282997.97	0.94594595
 60	i	284047.97	284237.97	a8ba1a76-4e7c-11ea-a209-0922dd5e0547	0000	mark03vox_ker	 333	 333	phone	phone	 136	 136	SEGMENT	12526516	12534894	44100	284142.97	 95.00000	0.5	272.5	1851.0	2669.5	2950.0	76.03664	duuri	mark03vox_ker	283777.97	284237.97	0.79347826
 61	i	284647.97	284677.97	a8ba1a76-4e7c-11ea-a209-0922dd5e0547	0000	mark03vox_ker	 340	 340	phone	phone	 143	 143	SEGMENT	12552976	12554298	44100	284662.97	 15.00000	0.5	  0.0	2448.5	3612.5	4019.5	36.71566	kumsi	mark03vox_ker	284337.97	284677.97	0.95588235
 62	i	286217.97	286247.97	a8ba1a76-4e7c-11ea-a209-0922dd5e0547	0000	mark03vox_ker	 350	 350	phone	phone	 153	 153	SEGMENT	12622213	12623535	44100	286232.97	 15.00000	0.5	210.0	1473.0	2194.5	3149.5	65.88963	kuli	mark03vox_ker	286027.97	286247.97	0.93181818
 63	i	289187.97	289247.97	a8ba1a76-4e7c-11ea-a209-0922dd5e0547	0000	mark03vox_ker	 381	 381	phone	phone	 184	 184	SEGMENT	12753190	12755835	44100	289217.97	 30.00000	0.5	392.5	1537.5	2625.0	3159.5	70.17548	minti	mark03vox_ker	289117.97	289457.97	0.29411765
 64	i	289347.97	289457.97	a8ba1a76-4e7c-11ea-a209-0922dd5e0547	0000	mark03vox_ker	 384	 384	phone	phone	 187	 187	SEGMENT	12760246	12765096	44100	289402.97	 55.00000	0.5	321.0	1958.0	2539.0	3263.0	70.01361	minti	mark03vox_ker	289117.97	289457.97	0.83823529
 65	iː	293787.97	293847.97	a8ba1a76-4e7c-11ea-a209-0922dd5e0547	0000	mark03vox_ker	 421	 421	phone	phone	 224	 224	SEGMENT	12956050	12958695	44100	293817.97	 30.00000	0.5	265.5	1912.0	2705.5	3200.5	70.60914	giidə	mark03vox_ker	293687.97	293907.97	0.59090909
 66	i	306208.97	306248.97	a8ba1a76-4e7c-11ea-a209-0922dd5e0547	0000	mark03vox_ker	 548	 548	phone	phone	 351	 351	SEGMENT	13503816	13505579	44100	306228.97	 20.00000	0.5	343.5	 738.0	2586.5	3087.5	69.44971	humi	mark03vox_ker	306058.97	306248.97	0.89473684
 67	i	310958.97	310988.97	a8ba1a76-4e7c-11ea-a209-0922dd5e0547	0000	mark03vox_ker	 604	 604	phone	phone	 407	 407	SEGMENT	13713291	13714613	44100	310973.97	 15.00000	0.5	301.0	1269.0	2830.5	3520.5	68.96174	humi	mark03vox_ker	310828.97	310988.97	0.90625000
 68	i	329436.97	329476.97	a8ba1a76-4e7c-11ea-a209-0922dd5e0547	0000	mark03vox_ker	 635	 635	phone	phone	 438	 438	SEGMENT	14528171	14529934	44100	329456.97	 20.00000	0.5	438.0	1788.5	2347.0	3278.0	71.90816	minti	mark03vox_ker	329356.97	329566.97	0.47619048
 69	i	329536.97	329566.97	a8ba1a76-4e7c-11ea-a209-0922dd5e0547	0000	mark03vox_ker	 638	 638	phone	phone	 441	 441	SEGMENT	14532581	14533903	44100	329551.97	 15.00000	0.5	296.5	1627.0	3320.0	4146.0	60.77354	minti	mark03vox_ker	329356.97	329566.97	0.92857143
 70	iː	330236.97	330286.97	a8ba1a76-4e7c-11ea-a209-0922dd5e0547	0000	mark03vox_ker	 648	 648	phone	phone	 451	 451	SEGMENT	14563451	14565655	44100	330261.97	 25.00000	0.5	248.5	1919.5	2602.5	3237.0	73.04058	tiiru	mark03vox_ker	330086.97	330356.97	0.64814815
 71	iː	332206.97	332296.97	a8ba1a76-4e7c-11ea-a209-0922dd5e0547	0000	mark03vox_ker	 667	 667	phone	phone	 470	 470	SEGMENT	14650328	14654296	44100	332251.97	 45.00000	0.5	239.5	1914.5	2600.0	3298.0	71.54256	giidu	mark03vox_ker	332136.97	332376.97	0.47916667
 72	i	381286.97	381356.97	a8ba1a76-4e7c-11ea-a209-0922dd5e0547	0000	mark03vox_ker	 737	 737	phone	phone	 540	 540	SEGMENT	16814756	16817842	44100	381321.97	 35.00000	0.5	299.0	2082.5	2735.0	3301.0	73.88696	mindi	mark03vox_ker	381216.97	381496.97	0.37500000
 73	i	381446.97	381496.97	a8ba1a76-4e7c-11ea-a209-0922dd5e0547	0000	mark03vox_ker	 740	 740	phone	phone	 543	 543	SEGMENT	16821812	16824016	44100	381471.97	 25.00000	0.5	280.5	2038.5	2702.5	3207.5	73.08564	mindi	mark03vox_ker	381216.97	381496.97	0.91071429
 74	i	381566.97	381616.97	a8ba1a76-4e7c-11ea-a209-0922dd5e0547	0000	mark03vox_ker	 742	 742	phone	phone	 545	 545	SEGMENT	16827104	16829308	44100	381591.97	 25.00000	0.5	294.0	2128.0	2600.5	3248.0	72.96419	mindi	mark03vox_ker	381496.97	381746.97	0.38000000
 75	i	381716.97	381746.97	a8ba1a76-4e7c-11ea-a209-0922dd5e0547	0000	mark03vox_ker	 745	 745	phone	phone	 548	 548	SEGMENT	16833719	16835041	44100	381731.97	 15.00000	0.5	344.5	1929.5	1209.0	3287.0	71.46643	mindi	mark03vox_ker	381496.97	381746.97	0.94000000
 76	i	382176.97	382256.97	a8ba1a76-4e7c-11ea-a209-0922dd5e0547	0000	mark03vox_ker	 751	 751	phone	phone	 554	 554	SEGMENT	16854005	16857532	44100	382216.97	 40.00000	0.5	421.5	2345.5	3064.5	3517.5	73.64335	minti	mark03vox_ker	382096.97	382596.97	0.24000000
 77	i	382386.97	382596.97	a8ba1a76-4e7c-11ea-a209-0922dd5e0547	0000	mark03vox_ker	 754	 754	phone	phone	 557	 557	SEGMENT	16863266	16872526	44100	382491.97	105.00000	0.5	295.5	2002.0	3013.5	3703.5	75.51415	minti	mark03vox_ker	382096.97	382596.97	0.79000000
 78	i	383536.97	383616.97	a8ba1a76-4e7c-11ea-a209-0922dd5e0547	0000	mark03vox_ker	 767	 767	phone	phone	 570	 570	SEGMENT	16913981	16917508	44100	383576.97	 40.00000	0.5	423.5	2143.5	3089.0	3655.0	73.98062	minti	mark03vox_ker	383466.97	383866.97	0.27500000
 79	i	383726.97	383866.97	a8ba1a76-4e7c-11ea-a209-0922dd5e0547	0000	mark03vox_ker	 770	 770	phone	phone	 573	 573	SEGMENT	16922360	16928533	44100	383796.97	 70.00000	0.5	324.5	1943.5	2841.0	3266.0	74.73298	minti	mark03vox_ker	383466.97	383866.97	0.82500000
 80	iː	383996.97	384056.97	a8ba1a76-4e7c-11ea-a209-0922dd5e0547	0000	mark03vox_ker	 772	 772	phone	phone	 575	 575	SEGMENT	16934267	16936912	44100	384026.97	 30.00000	0.5	207.0	1921.0	3112.0	3736.5	74.40211	giidə	mark03vox_ker	383866.97	384136.97	0.59259259
 81	i	 27629.99	 27669.99	a8ba1a76-4e7c-11ea-a209-0922dd5e0547	0000	mark04vox_ker	1006	1006	phone	phone	  13	  13	SEGMENT	 1218483	 1220246	44100	 27649.99	 20.00000	0.5	331.5	1895.0	2528.0	3536.5	77.07680	pisi	mark04vox_ker	 27549.99	 27959.99	0.24390244
 82	i	 27769.99	 27959.99	a8ba1a76-4e7c-11ea-a209-0922dd5e0547	0000	mark04vox_ker	1008	1008	phone	phone	  15	  15	SEGMENT	 1224657	 1233035	44100	 27864.99	 95.00000	0.5	366.0	1845.5	2363.0	3148.5	81.00660	pisi	mark04vox_ker	 27549.99	 27959.99	0.76829268
 83	i	 33208.97	 33288.97	a8ba1a76-4e7c-11ea-a209-0922dd5e0547	0000	mark04vox_ker	1013	1013	phone	phone	  20	  20	SEGMENT	 1464516	 1468043	44100	 33248.97	 40.00000	0.5	424.5	1830.0	2554.5	3252.5	68.69522	minti	mark04vox_ker	 33148.97	 33458.97	0.32258065
 84	i	 33388.97	 33458.97	a8ba1a76-4e7c-11ea-a209-0922dd5e0547	0000	mark04vox_ker	1016	1016	phone	phone	  23	  23	SEGMENT	 1472454	 1475540	44100	 33423.97	 35.00000	0.5	304.0	1944.0	2474.5	3264.5	72.26222	minti	mark04vox_ker	 33148.97	 33458.97	0.88709677
 85	i	 42999.99	 43039.99	a8ba1a76-4e7c-11ea-a209-0922dd5e0547	0000	mark04vox_ker	1122	1122	phone	phone	 129	 129	SEGMENT	 1896300	 1898063	44100	 43019.99	 20.00000	0.5	338.5	1826.0	2447.0	3317.0	66.90496	minti	mark04vox_ker	 42919.99	 43249.99	0.30303030
 86	i	 43149.99	 43249.99	a8ba1a76-4e7c-11ea-a209-0922dd5e0547	0000	mark04vox_ker	1125	1125	phone	phone	 132	 132	SEGMENT	 1902915	 1907324	44100	 43199.99	 50.00000	0.5	284.5	2009.5	2844.5	3183.0	69.21606	minti	mark04vox_ker	 42919.99	 43249.99	0.84848485
 87	i	 43529.99	 43609.99	a8ba1a76-4e7c-11ea-a209-0922dd5e0547	0000	mark04vox_ker	1130	1130	phone	phone	 137	 137	SEGMENT	 1919673	 1923200	44100	 43569.99	 40.00000	0.5	271.5	1946.0	2441.0	2934.5	69.84340	pərki	mark04vox_ker	 43249.99	 43609.99	0.88888889
 88	i	 51409.99	 51449.99	a8ba1a76-4e7c-11ea-a209-0922dd5e0547	0000	mark04vox_ker	1207	1207	phone	phone	 214	 214	SEGMENT	 2267181	 2268944	44100	 51429.99	 20.00000	0.5	285.0	1946.0	2526.5	3280.0	68.21051	minti	mark04vox_ker	 51339.99	 51539.99	0.45000000
 89	i	 51509.99	 51539.99	a8ba1a76-4e7c-11ea-a209-0922dd5e0547	0000	mark04vox_ker	1210	1210	phone	phone	 217	 217	SEGMENT	 2271591	 2272913	44100	 51524.99	 15.00000	0.5	245.5	1982.5	2666.5	3824.5	57.09572	minti	mark04vox_ker	 51339.99	 51539.99	0.92500000
 90	i	 58939.99	 58999.99	a8ba1a76-4e7c-11ea-a209-0922dd5e0547	0000	mark04vox_ker	1287	1287	phone	phone	 294	 294	SEGMENT	 2599254	 2601899	44100	 58969.99	 30.00000	0.5	431.0	2313.5	3097.0	3411.5	68.81812	minti	mark04vox_ker	 58869.99	 59299.99	0.23255814
 91	i	 59109.99	 59299.99	a8ba1a76-4e7c-11ea-a209-0922dd5e0547	0000	mark04vox_ker	1290	1290	phone	phone	 297	 297	SEGMENT	 2606751	 2615129	44100	 59204.99	 95.00000	0.5	336.0	1996.5	2841.0	3331.0	68.38254	minti	mark04vox_ker	 58869.99	 59299.99	0.77906977
 92	i	 81139.99	 81179.99	a8ba1a76-4e7c-11ea-a209-0922dd5e0547	0000	mark04vox_ker	1489	1489	phone	phone	 496	 496	SEGMENT	 3578274	 3580037	44100	 81159.99	 20.00000	0.5	264.0	2011.0	2717.5	3490.0	70.26760	pisi	mark04vox_ker	 81029.99	 81309.99	0.46428571
 93	i	 81279.99	 81309.99	a8ba1a76-4e7c-11ea-a209-0922dd5e0547	0000	mark04vox_ker	1491	1491	phone	phone	 498	 498	SEGMENT	 3584448	 3585770	44100	 81294.99	 15.00000	0.5	282.0	 954.5	2464.5	3141.0	64.52984	pisi	mark04vox_ker	 81029.99	 81309.99	0.94642857
 94	i	 83119.99	 83339.99	a8ba1a76-4e7c-11ea-a209-0922dd5e0547	0000	mark04vox_ker	1513	1513	phone	phone	 520	 520	SEGMENT	 3665592	 3675293	44100	 83229.99	110.00000	0.5	305.5	1965.0	2980.5	3181.5	68.57986	kənki	mark04vox_ker	 82819.97	 83339.99	0.78847076
 95	i	 83899.99	 83929.99	a8ba1a76-4e7c-11ea-a209-0922dd5e0547	0000	mark04vox_ker	1518	1518	phone	phone	 525	 525	SEGMENT	 3699990	 3701312	44100	 83914.99	 15.00000	0.5	234.0	1141.0	2443.5	2951.5	61.29452	kəsi	mark04vox_ker	 83649.99	 83929.99	0.94642857
 96	i	 88259.99	 88329.99	a8ba1a76-4e7c-11ea-a209-0922dd5e0547	0000	mark04vox_ker	1540	1540	phone	phone	 547	 547	SEGMENT	 3892266	 3895352	44100	 88294.99	 35.00000	0.5	374.0	2022.5	2536.5	3315.0	74.26974	minti	mark04vox_ker	 88189.99	 88429.99	0.43750000
 97	i	 88399.99	 88429.99	a8ba1a76-4e7c-11ea-a209-0922dd5e0547	0000	mark04vox_ker	1543	1543	phone	phone	 550	 550	SEGMENT	 3898440	 3899762	44100	 88414.99	 15.00000	0.5	301.5	1120.5	2592.5	3612.5	54.69368	minti	mark04vox_ker	 88189.99	 88429.99	0.93750000
 98	i	 90169.99	 90309.99	a8ba1a76-4e7c-11ea-a209-0922dd5e0547	0000	mark04vox_ker	1563	1563	phone	phone	 570	 570	SEGMENT	 3976497	 3982670	44100	 90239.99	 70.00000	0.5	292.0	1968.5	2624.5	3023.0	78.77276	əskiŋ	mark04vox_ker	 89829.99	 90399.99	0.71929825
 99	i	 91749.99	 91819.97	a8ba1a76-4e7c-11ea-a209-0922dd5e0547	0000	mark04vox_ker	1575	1575	phone	phone	 582	 582	SEGMENT	 4046175	 4049260	44100	 91784.98	 34.98866	0.5	290.5	1865.5	2588.0	3047.0	83.22697	pisi	mark04vox_ker	 91609.99	 91909.99	0.58329554
100	i	 91879.99	 91909.99	a8ba1a76-4e7c-11ea-a209-0922dd5e0547	0000	mark04vox_ker	1577	1577	phone	phone	 584	 584	SEGMENT	 4051908	 4053230	44100	 91894.99	 15.00000	0.5	334.0	1861.5	2682.5	3820.0	62.64865	pisi	mark04vox_ker	 91609.99	 91909.99	0.95000000
101	i	109309.99	109379.99	a8ba1a76-4e7c-11ea-a209-0922dd5e0547	0000	mark04vox_ker	1619	1619	phone	phone	 626	 626	SEGMENT	 4820571	 4823657	44100	109344.99	 35.00000	0.5	434.5	1999.5	2936.5	3360.0	70.31269	minti	mark04vox_ker	109239.99	109759.99	0.20192308
102	i	109499.99	109759.99	a8ba1a76-4e7c-11ea-a209-0922dd5e0547	0000	mark04vox_ker	1622	1622	phone	phone	 629	 629	SEGMENT	 4828950	 4840415	44100	109629.99	130.00000	0.5	317.0	2031.0	3020.5	3423.5	68.56396	minti	mark04vox_ker	109239.99	109759.99	0.75000000
103	i	118509.99	118569.99	a8ba1a76-4e7c-11ea-a209-0922dd5e0547	0000	mark04vox_ker	1680	1680	phone	phone	 687	 687	SEGMENT	 5226291	 5228936	44100	118539.99	 30.00000	0.5	352.5	1854.5	2565.0	3141.0	67.73539	minti	mark04vox_ker	118459.99	118769.99	0.25806452
104	i	118669.99	118769.99	a8ba1a76-4e7c-11ea-a209-0922dd5e0547	0000	mark04vox_ker	1683	1683	phone	phone	 690	 690	SEGMENT	 5233347	 5237756	44100	118719.99	 50.00000	0.5	305.5	2055.0	2763.0	3384.0	68.80287	minti	mark04vox_ker	118459.99	118769.99	0.83870968
105	i	118869.99	118909.99	a8ba1a76-4e7c-11ea-a209-0922dd5e0547	0000	mark04vox_ker	1685	1685	phone	phone	 692	 692	SEGMENT	 5242167	 5243930	44100	118889.99	 20.00000	0.5	233.0	1941.0	2814.5	3311.0	68.80338	diri	mark04vox_ker	118769.99	118979.99	0.57142857
106	i	118949.99	118979.99	a8ba1a76-4e7c-11ea-a209-0922dd5e0547	0000	mark04vox_ker	1687	1687	phone	phone	 694	 694	SEGMENT	 5245695	 5247017	44100	118964.99	 15.00000	0.5	350.0	1409.0	2295.0	3034.5	67.15454	diri	mark04vox_ker	118769.99	118979.99	0.92857143
107	i	121659.99	121709.99	a8ba1a76-4e7c-11ea-a209-0922dd5e0547	0000	mark04vox_ker	1715	1715	phone	phone	 722	 722	SEGMENT	 5365206	 5367410	44100	121684.99	 25.00000	0.5	352.0	1886.0	2514.5	3319.0	68.58318	minti	mark04vox_ker	121619.99	121889.99	0.24074074
108	i	121809.99	121889.99	a8ba1a76-4e7c-11ea-a209-0922dd5e0547	0000	mark04vox_ker	1718	1718	phone	phone	 725	 725	SEGMENT	 5371821	 5375348	44100	121849.99	 40.00000	0.5	304.5	2044.5	2572.0	3294.0	69.50703	minti	mark04vox_ker	121619.99	121889.99	0.85185185
109	i	122239.99	122409.99	a8ba1a76-4e7c-11ea-a209-0922dd5e0547	0000	mark04vox_ker	1723	1723	phone	phone	 730	 730	SEGMENT	 5390784	 5398280	44100	122324.99	 85.00000	0.5	432.5	1876.0	2512.0	3343.0	72.48584	kusniy	mark04vox_ker	121889.99	122509.99	0.70161290
110	i	122679.99	122789.99	a8ba1a76-4e7c-11ea-a209-0922dd5e0547	0000	mark04vox_ker	1728	1728	phone	phone	 735	 735	SEGMENT	 5410188	 5415038	44100	122734.99	 55.00000	0.5	326.0	1921.5	3020.5	3339.0	47.74601	iskiŋ	mark04vox_ker	122679.99	123239.99	0.09821429
111	i	122989.99	123149.99	a8ba1a76-4e7c-11ea-a209-0922dd5e0547	0000	mark04vox_ker	1731	1731	phone	phone	 738	 738	SEGMENT	 5423859	 5430914	44100	123069.99	 80.00000	0.5	384.5	2062.0	2690.5	3330.5	73.46664	iskiŋ	mark04vox_ker	122679.99	123239.99	0.69642857
112	i	123929.99	124059.99	a8ba1a76-4e7c-11ea-a209-0922dd5e0547	0000	mark04vox_ker	1737	1737	phone	phone	 744	 744	SEGMENT	 5465313	 5471045	44100	123994.99	 65.00000	0.5	357.5	2012.0	2823.5	3725.0	56.56914	iskiy	mark04vox_ker	123929.99	124249.99	0.20312500
113	i	124189.99	124219.99	a8ba1a76-4e7c-11ea-a209-0922dd5e0547	0000	mark04vox_ker	1740	1740	phone	phone	 747	 747	SEGMENT	 5476779	 5478101	44100	124204.99	 15.00000	0.5	206.5	1562.0	2165.0	3112.5	58.43332	iskiy	mark04vox_ker	123929.99	124249.99	0.85937500
114	i	124529.99	124579.99	a8ba1a76-4e7c-11ea-a209-0922dd5e0547	0000	mark04vox_ker	1745	1745	phone	phone	 752	 752	SEGMENT	 5491773	 5493977	44100	124554.99	 25.00000	0.5	261.5	1909.0	2908.5	3710.5	71.30930	guudiŋ	mark04vox_ker	124249.99	124619.99	0.82432432
115	i	126089.99	126169.99	a8ba1a76-4e7c-11ea-a209-0922dd5e0547	0000	mark04vox_ker	1759	1759	phone	phone	 766	 766	SEGMENT	 5560569	 5564096	44100	126129.99	 40.00000	0.5	321.0	1970.5	2769.0	3324.5	57.90635	iskiy	mark04vox_ker	126089.99	126419.99	0.12121212
116	i	126329.99	126369.99	a8ba1a76-4e7c-11ea-a209-0922dd5e0547	0000	mark04vox_ker	1762	1762	phone	phone	 769	 769	SEGMENT	 5571153	 5572916	44100	126349.99	 20.00000	0.5	259.0	1963.5	2951.0	3607.0	71.44668	iskiy	mark04vox_ker	126089.99	126419.99	0.78787879
117	i	126699.99	126819.99	a8ba1a76-4e7c-11ea-a209-0922dd5e0547	0000	mark04vox_ker	1767	1767	phone	phone	 774	 774	SEGMENT	 5587470	 5592761	44100	126759.99	 60.00000	0.5	298.5	1882.0	2639.0	3073.0	73.96019	guudiŋ	mark04vox_ker	126419.99	126909.99	0.69387755
118	i	130589.99	130619.99	a8ba1a76-4e7c-11ea-a209-0922dd5e0547	0000	mark04vox_ker	1785	1785	phone	phone	 792	 792	SEGMENT	 5759019	 5760341	44100	130604.99	 15.00000	0.5	280.0	1827.5	2126.5	3141.5	67.70201	vəəgi	mark04vox_ker	130269.99	130619.99	0.95714286
119	iː	130799.99	130889.97	a8ba1a76-4e7c-11ea-a209-0922dd5e0547	0000	mark04vox_ker	1789	1789	phone	phone	 796	 796	SEGMENT	 5768280	 5772247	44100	130844.98	 44.98866	0.5	236.0	1837.5	2858.5	3505.0	73.15333	giiduŋ	mark04vox_ker	130699.97	131069.99	0.39189852
120	i	135169.97	135199.97	a8ba1a76-4e7c-11ea-a209-0922dd5e0547	0000	mark04vox_ker	1813	1813	phone	phone	 820	 820	SEGMENT	 5960996	 5962318	44100	135184.97	 15.00000	0.5	327.0	1823.0	2884.0	3953.0	54.82724	kumti	mark04vox_ker	134949.97	135199.97	0.94000000
121	i	138859.99	138889.97	a8ba1a76-4e7c-11ea-a209-0922dd5e0547	0000	mark04vox_ker	1849	1849	phone	phone	 856	 856	SEGMENT	 6123726	 6125047	44100	138874.98	 14.98866	0.5	310.0	1745.0	   0.0	3550.0	51.94710	əski	mark04vox_ker	138659.99	138889.97	0.93482548
122	i	139439.99	139479.99	a8ba1a76-4e7c-11ea-a209-0922dd5e0547	0000	mark04vox_ker	1859	1859	phone	phone	 866	 866	SEGMENT	 6149304	 6151067	44100	139459.99	 20.00000	0.5	297.0	1591.5	2330.0	3275.0	71.17332	kumti	mark04vox_ker	139179.99	139479.99	0.93333333
123	i	141689.99	141769.99	a8ba1a76-4e7c-11ea-a209-0922dd5e0547	0000	mark04vox_ker	1887	1887	phone	phone	 894	 894	SEGMENT	 6248529	 6252056	44100	141729.99	 40.00000	0.5	422.5	2049.0	2777.5	3336.0	69.74588	minti	mark04vox_ker	141619.99	142069.99	0.24444444
124	i	141879.99	142069.99	a8ba1a76-4e7c-11ea-a209-0922dd5e0547	0000	mark04vox_ker	1890	1890	phone	phone	 897	 897	SEGMENT	 6256908	 6265286	44100	141974.99	 95.00000	0.5	343.5	2114.0	2552.0	3360.5	69.82820	minti	mark04vox_ker	141619.99	142069.99	0.78888889
125	i	149119.99	149179.99	a8ba1a76-4e7c-11ea-a209-0922dd5e0547	0000	mark04vox_ker	1966	1966	phone	phone	 973	 973	SEGMENT	 6576192	 6578837	44100	149149.99	 30.00000	0.5	423.0	2071.0	2728.0	3195.0	69.73983	minti	mark04vox_ker	149059.99	149459.99	0.22500000
126	i	149279.99	149459.99	a8ba1a76-4e7c-11ea-a209-0922dd5e0547	0000	mark04vox_ker	1969	1969	phone	phone	 976	 976	SEGMENT	 6583248	 6591185	44100	149369.99	 90.00000	0.5	318.0	1990.5	2931.0	3383.5	69.31488	minti	mark04vox_ker	149059.99	149459.99	0.77500000
127	i	149709.99	149739.99	a8ba1a76-4e7c-11ea-a209-0922dd5e0547	0000	mark04vox_ker	1973	1973	phone	phone	 980	 980	SEGMENT	 6602211	 6603533	44100	149724.99	 15.00000	0.5	179.5	1362.0	2592.5	1885.5	21.00852	əski	mark04vox_ker	149459.99	149739.99	0.94642857
128	i	151849.99	151959.99	a8ba1a76-4e7c-11ea-a209-0922dd5e0547	0000	mark04vox_ker	1997	1997	phone	phone	1004	1004	SEGMENT	 6696585	 6701435	44100	151904.99	 55.00000	0.5	296.5	1979.0	2687.0	3382.5	73.31573	tuli	mark04vox_ker	151659.99	151959.99	0.81666667
129	i	153759.99	153839.99	a8ba1a76-4e7c-11ea-a209-0922dd5e0547	0000	mark04vox_ker	2021	2021	phone	phone	1028	1028	SEGMENT	 6780816	 6784343	44100	153799.99	 40.00000	0.5	400.5	1966.0	2791.0	3220.5	70.48199	minti	mark04vox_ker	153689.99	154179.99	0.22448980
130	i	153949.97	154179.99	a8ba1a76-4e7c-11ea-a209-0922dd5e0547	0000	mark04vox_ker	2024	2024	phone	phone	1031	1031	SEGMENT	 6789194	 6799337	44100	154064.98	115.01134	0.5	360.5	2080.5	2886.0	3426.0	67.72766	minti	mark04vox_ker	153689.99	154179.99	0.76528298
131	i	154909.99	155019.99	a8ba1a76-4e7c-11ea-a209-0922dd5e0547	0000	mark04vox_ker	2037	2037	phone	phone	1044	1044	SEGMENT	 6831531	 6836381	44100	154964.99	 55.00000	0.5	310.5	2026.5	3034.5	3681.0	71.28758	tərməyiŋ	mark04vox_ker	154599.99	155089.99	0.74489796
132	i	157489.99	157549.99	a8ba1a76-4e7c-11ea-a209-0922dd5e0547	0000	mark04vox_ker	2063	2063	phone	phone	1070	1070	SEGMENT	 6945309	 6947954	44100	157519.99	 30.00000	0.5	398.5	2330.5	2968.0	3470.0	71.94457	minti	mark04vox_ker	157449.97	157769.99	0.21880536
133	i	157649.99	157769.99	a8ba1a76-4e7c-11ea-a209-0922dd5e0547	0000	mark04vox_ker	2066	2066	phone	phone	1073	1073	SEGMENT	 6952365	 6957656	44100	157709.99	 60.00000	0.5	295.5	1930.5	2688.0	3237.0	73.19837	minti	mark04vox_ker	157449.97	157769.99	0.81251329
134	i	158999.99	159089.99	a8ba1a76-4e7c-11ea-a209-0922dd5e0547	0000	mark04vox_ker	2084	2084	phone	phone	1091	1091	SEGMENT	 7011900	 7015868	44100	159044.99	 45.00000	0.5	299.5	1974.5	2856.0	3062.5	75.19621	pərkiŋ	mark04vox_ker	158699.97	159179.99	0.71876329
135	i	160609.99	160669.97	a8ba1a76-4e7c-11ea-a209-0922dd5e0547	0000	mark04vox_ker	2092	2092	phone	phone	1099	1099	SEGMENT	 7082901	 7085545	44100	160639.98	 29.98866	0.5	349.0	1874.0	2536.5	3231.5	72.47312	minti	mark04vox_ker	160559.99	160849.99	0.27582297
136	i	160769.99	160849.99	a8ba1a76-4e7c-11ea-a209-0922dd5e0547	0000	mark04vox_ker	2095	2095	phone	phone	1102	1102	SEGMENT	 7089957	 7093484	44100	160809.99	 40.00000	0.5	297.0	1943.0	2745.0	3338.5	73.53205	minti	mark04vox_ker	160559.99	160849.99	0.86206897
137	i	162089.99	162269.99	a8ba1a76-4e7c-11ea-a209-0922dd5e0547	0000	mark04vox_ker	2113	2113	phone	phone	1120	1120	SEGMENT	 7148169	 7156106	44100	162179.99	 90.00000	0.5	358.0	2008.5	2961.5	3788.0	73.63516	pərkiŋ	mark04vox_ker	161779.99	162359.99	0.68965517
138	i	163489.99	163549.99	a8ba1a76-4e7c-11ea-a209-0922dd5e0547	0000	mark04vox_ker	2123	2123	phone	phone	1130	1130	SEGMENT	 7209909	 7212554	44100	163519.99	 30.00000	0.5	440.0	1895.0	2600.5	3442.0	72.10317	minti	mark04vox_ker	163429.99	163779.99	0.25714286
139	i	163639.97	163779.99	a8ba1a76-4e7c-11ea-a209-0922dd5e0547	0000	mark04vox_ker	2126	2126	phone	phone	1133	1133	SEGMENT	 7216523	 7222697	44100	163709.98	 70.01134	0.5	428.0	2017.5	2484.0	3505.0	68.67734	minti	mark04vox_ker	163429.99	163779.99	0.79996761
140	i	163959.99	163989.99	a8ba1a76-4e7c-11ea-a209-0922dd5e0547	0000	mark04vox_ker	2130	2130	phone	phone	1137	1137	SEGMENT	 7230636	 7231958	44100	163974.99	 15.00000	0.5	342.5	1345.5	2520.5	3528.5	27.18447	əski	mark04vox_ker	163779.99	163989.99	0.92857143
141	i	172789.99	172859.99	a8ba1a76-4e7c-11ea-a209-0922dd5e0547	0000	mark04vox_ker	2210	2210	phone	phone	1217	1217	SEGMENT	 7620039	 7623125	44100	172824.99	 35.00000	0.5	290.5	2130.5	2933.0	3551.0	72.29992	ɗiki	mark04vox_ker	172749.99	172929.99	0.41666667
142	i	172899.99	172929.99	a8ba1a76-4e7c-11ea-a209-0922dd5e0547	0000	mark04vox_ker	2212	2212	phone	phone	1219	1219	SEGMENT	 7624890	 7626212	44100	172914.99	 15.00000	0.5	277.0	2314.0	2540.5	3575.5	69.54165	ɗiki	mark04vox_ker	172749.99	172929.99	0.91666667
143	i	176709.99	176759.99	a8ba1a76-4e7c-11ea-a209-0922dd5e0547	0000	mark04vox_ker	2245	2245	phone	phone	1252	1252	SEGMENT	 7792911	 7795115	44100	176734.99	 25.00000	0.5	473.0	1805.5	2508.0	3286.5	71.16258	minti	mark04vox_ker	176629.99	176979.99	0.30000000
144	i	176879.99	176979.99	a8ba1a76-4e7c-11ea-a209-0922dd5e0547	0000	mark04vox_ker	2248	2248	phone	phone	1255	1255	SEGMENT	 7800408	 7804817	44100	176929.99	 50.00000	0.5	359.5	2149.0	2656.5	3310.5	70.90149	minti	mark04vox_ker	176629.99	176979.99	0.85714286
145	i	177199.97	177279.99	a8ba1a76-4e7c-11ea-a209-0922dd5e0547	0000	mark04vox_ker	2252	2252	phone	phone	1259	1259	SEGMENT	 7814519	 7818047	44100	177239.98	 40.01134	0.5	330.0	1712.0	2638.5	3307.0	69.46443	gəəli	mark04vox_ker	176979.99	177279.99	0.86662887
146	iː	177759.99	177869.99	a8ba1a76-4e7c-11ea-a209-0922dd5e0547	0000	mark04vox_ker	2261	2261	phone	phone	1268	1268	SEGMENT	 7839216	 7844066	44100	177814.99	 55.00000	0.5	301.0	2000.0	2640.5	3073.0	74.45690	ciiriŋ	mark04vox_ker	177649.99	178149.99	0.33000000
147	i	177909.99	178059.99	a8ba1a76-4e7c-11ea-a209-0922dd5e0547	0000	mark04vox_ker	2263	2263	phone	phone	1270	1270	SEGMENT	 7845831	 7852445	44100	177984.99	 75.00000	0.5	319.5	1980.5	2730.0	3170.0	73.63327	ciiriŋ	mark04vox_ker	177649.99	178149.99	0.67000000
148	i	182789.99	182839.99	a8ba1a76-4e7c-11ea-a209-0922dd5e0547	0000	mark04vox_ker	2318	2318	phone	phone	1325	1325	SEGMENT	 8061039	 8063243	44100	182814.99	 25.00000	0.5	423.5	1105.5	2715.0	3383.5	72.25874	minti	mark04vox_ker	182709.99	182999.99	0.36206897
149	i	182939.99	182999.99	a8ba1a76-4e7c-11ea-a209-0922dd5e0547	0000	mark04vox_ker	2321	2321	phone	phone	1328	1328	SEGMENT	 8067654	 8070299	44100	182969.99	 30.00000	0.5	267.5	2073.0	3006.5	3838.0	71.09064	minti	mark04vox_ker	182709.99	182999.99	0.89655172
150	i	190149.99	190209.99	a8ba1a76-4e7c-11ea-a209-0922dd5e0547	0000	mark04vox_ker	2390	2390	phone	phone	1397	1397	SEGMENT	 8385615	 8388260	44100	190179.99	 30.00000	0.5	477.0	2083.0	2673.0	3295.0	69.56963	minti	mark04vox_ker	190079.99	190479.99	0.25000000
151	i	190319.99	190479.99	a8ba1a76-4e7c-11ea-a209-0922dd5e0547	0000	mark04vox_ker	2393	2393	phone	phone	1400	1400	SEGMENT	 8393112	 8400167	44100	190399.99	 80.00000	0.5	311.0	2100.5	2763.5	3299.0	71.33966	minti	mark04vox_ker	190079.99	190479.99	0.80000000
152	i	190729.99	190759.99	a8ba1a76-4e7c-11ea-a209-0922dd5e0547	0000	mark04vox_ker	2397	2397	phone	phone	1404	1404	SEGMENT	 8411193	 8412515	44100	190744.99	 15.00000	0.5	403.0	1185.5	2194.0	3462.0	22.45838	əski	mark04vox_ker	190479.99	190759.99	0.94642857
153	i	192829.99	192889.99	a8ba1a76-4e7c-11ea-a209-0922dd5e0547	0000	mark04vox_ker	2414	2414	phone	phone	1421	1421	SEGMENT	 8503803	 8506448	44100	192859.99	 30.00000	0.5	293.0	2061.0	3090.5	3629.5	72.57497	ɗiki	mark04vox_ker	192719.99	192979.99	0.53846154
154	i	192949.99	192979.99	a8ba1a76-4e7c-11ea-a209-0922dd5e0547	0000	mark04vox_ker	2416	2416	phone	phone	1423	1423	SEGMENT	 8509095	 8510417	44100	192964.99	 15.00000	0.5	276.5	1031.0	2318.5	3555.0	63.54362	ɗiki	mark04vox_ker	192719.99	192979.99	0.94230769
155	i	193439.99	193509.99	a8ba1a76-4e7c-11ea-a209-0922dd5e0547	0000	mark04vox_ker	2425	2425	phone	phone	1432	1432	SEGMENT	 8530704	 8533790	44100	193474.99	 35.00000	0.5	420.5	2416.5	3088.5	3505.0	70.26178	minti	mark04vox_ker	193369.99	193859.99	0.21428571
156	i	193629.99	193859.99	a8ba1a76-4e7c-11ea-a209-0922dd5e0547	0000	mark04vox_ker	2428	2428	phone	phone	1435	1435	SEGMENT	 8539083	 8549225	44100	193744.99	115.00000	0.5	324.0	2097.5	3040.5	3207.0	71.04469	minti	mark04vox_ker	193369.99	193859.99	0.76530612
157	i	194939.99	194969.99	a8ba1a76-4e7c-11ea-a209-0922dd5e0547	0000	mark04vox_ker	2435	2435	phone	phone	1442	1442	SEGMENT	 8596854	 8598176	44100	194954.99	 15.00000	0.5	286.5	1884.5	2381.5	3030.5	77.55331	siri	mark04vox_ker	194819.99	195329.99	0.26470588
158	i	195049.99	195329.99	a8ba1a76-4e7c-11ea-a209-0922dd5e0547	0000	mark04vox_ker	2437	2437	phone	phone	1444	1444	SEGMENT	 8601705	 8614052	44100	195189.99	140.00000	0.5	333.0	1966.0	2743.5	3376.0	69.35962	siri	mark04vox_ker	194819.99	195329.99	0.72549020
159	i	198809.99	198839.99	a8ba1a76-4e7c-11ea-a209-0922dd5e0547	0000	mark04vox_ker	2472	2472	phone	phone	1479	1479	SEGMENT	 8767521	 8768843	44100	198824.99	 15.00000	0.5	289.5	1891.0	2773.0	3745.5	73.20403	tiniini	mark04vox_ker	198659.99	199059.99	0.41250000
160	iː	198909.99	198939.99	a8ba1a76-4e7c-11ea-a209-0922dd5e0547	0000	mark04vox_ker	2474	2474	phone	phone	1481	1481	SEGMENT	 8771931	 8773253	44100	198924.99	 15.00000	0.5	326.5	2159.0	3052.5	3639.5	72.42302	tiniini	mark04vox_ker	198659.99	199059.99	0.66250000
161	i	198969.99	199059.99	a8ba1a76-4e7c-11ea-a209-0922dd5e0547	0000	mark04vox_ker	2476	2476	phone	phone	1483	1483	SEGMENT	 8774577	 8778545	44100	199014.99	 45.00000	0.5	395.5	2101.0	3085.5	3581.5	71.31844	tiniini	mark04vox_ker	198659.99	199059.99	0.88750000
162	i	199499.99	199669.99	a8ba1a76-4e7c-11ea-a209-0922dd5e0547	0000	mark04vox_ker	2483	2483	phone	phone	1490	1490	SEGMENT	 8797950	 8805446	44100	199584.99	 85.00000	0.5	319.5	1925.0	2596.5	3121.0	71.66937	kusri	mark04vox_ker	199169.99	199669.99	0.83000000
163	i	206759.99	206819.99	a8ba1a76-4e7c-11ea-a209-0922dd5e0547	0000	mark04vox_ker	2554	2554	phone	phone	1561	1561	SEGMENT	 9118116	 9120761	44100	206789.99	 30.00000	0.5	532.0	1522.5	2487.5	1562.0	40.79323	huufi	mark04vox_ker	206509.99	206819.99	0.90322581
164	i	213659.99	213699.99	a8ba1a76-4e7c-11ea-a209-0922dd5e0547	0000	mark04vox_ker	2621	2621	phone	phone	1628	1628	SEGMENT	 9422406	 9424169	44100	213679.99	 20.00000	0.5	276.0	1787.0	2674.0	3412.5	75.08471	ciməcimiŋ	mark04vox_ker	213549.99	213979.99	0.30232558
165	i	213859.99	213889.99	a8ba1a76-4e7c-11ea-a209-0922dd5e0547	0000	mark04vox_ker	2625	2625	phone	phone	1632	1632	SEGMENT	 9431226	 9432548	44100	213874.99	 15.00000	0.5	289.0	2031.0	2720.5	3650.5	63.24233	ciməcimiŋ	mark04vox_ker	213549.99	213979.99	0.75581395
166	i	213919.99	213949.99	a8ba1a76-4e7c-11ea-a209-0922dd5e0547	0000	mark04vox_ker	2627	2627	phone	phone	1634	1634	SEGMENT	 9433872	 9435194	44100	213934.99	 15.00000	0.5	299.5	1878.5	3101.5	3886.5	65.20834	ciməcimiŋ	mark04vox_ker	213549.99	213979.99	0.89534884
167	i	214609.99	214669.99	a8ba1a76-4e7c-11ea-a209-0922dd5e0547	0000	mark04vox_ker	2637	2637	phone	phone	1644	1644	SEGMENT	 9464301	 9466946	44100	214639.99	 30.00000	0.5	466.0	1950.5	2494.0	3369.5	70.51011	minti	mark04vox_ker	214549.99	214829.99	0.32142857
168	i	214749.99	214829.99	a8ba1a76-4e7c-11ea-a209-0922dd5e0547	0000	mark04vox_ker	2640	2640	phone	phone	1647	1647	SEGMENT	 9470475	 9474002	44100	214789.99	 40.00000	0.5	319.5	1823.0	2426.5	3511.0	67.10082	minti	mark04vox_ker	214549.99	214829.99	0.85714286
169	i	215029.99	215059.99	a8ba1a76-4e7c-11ea-a209-0922dd5e0547	0000	mark04vox_ker	2644	2644	phone	phone	1651	1651	SEGMENT	 9482823	 9484145	44100	215044.99	 15.00000	0.5	424.0	1799.5	2826.0	3817.0	23.56755	əski	mark04vox_ker	214829.99	215059.99	0.93478261
170	i	217409.99	217449.99	a8ba1a76-4e7c-11ea-a209-0922dd5e0547	0000	mark04vox_ker	2669	2669	phone	phone	1676	1676	SEGMENT	 9587781	 9589544	44100	217429.99	 20.00000	0.5	389.5	2008.5	2560.0	3329.0	71.92812	tərməyi	mark04vox_ker	217039.99	217449.99	0.95121951
171	i	219609.99	219639.99	a8ba1a76-4e7c-11ea-a209-0922dd5e0547	0000	mark04vox_ker	2690	2690	phone	phone	1697	1697	SEGMENT	 9684801	 9686123	44100	219624.99	 15.00000	0.5	277.5	2000.0	2593.5	3659.5	72.22681	pisi	mark04vox_ker	219489.99	220029.99	0.25000000
172	i	219759.99	220029.99	a8ba1a76-4e7c-11ea-a209-0922dd5e0547	0000	mark04vox_ker	2692	2692	phone	phone	1699	1699	SEGMENT	 9691416	 9703322	44100	219894.99	135.00000	0.5	295.0	1991.0	2765.0	3462.0	75.00410	pisi	mark04vox_ker	219489.99	220029.99	0.75000000
173	i	220899.99	220949.99	a8ba1a76-4e7c-11ea-a209-0922dd5e0547	0000	mark04vox_ker	2708	2708	phone	phone	1715	1715	SEGMENT	 9741690	 9743894	44100	220924.99	 25.00000	0.5	425.5	1934.0	2218.5	3235.0	70.37955	minti	mark04vox_ker	220809.99	221169.99	0.31944444
174	i	221059.99	221169.99	a8ba1a76-4e7c-11ea-a209-0922dd5e0547	0000	mark04vox_ker	2711	2711	phone	phone	1718	1718	SEGMENT	 9748746	 9753596	44100	221114.99	 55.00000	0.5	358.5	1999.0	2835.0	3372.5	68.19297	minti	mark04vox_ker	220809.99	221169.99	0.84722222
175	i	225659.99	225899.99	a8ba1a76-4e7c-11ea-a209-0922dd5e0547	0000	mark04vox_ker	2754	2754	phone	phone	1761	1761	SEGMENT	 9951606	 9962189	44100	225779.99	120.00000	0.5	308.0	2083.5	3062.5	3600.5	69.80163	kənki	mark04vox_ker	225349.99	225899.99	0.78181818
176	i	226189.99	226219.99	a8ba1a76-4e7c-11ea-a209-0922dd5e0547	0000	mark04vox_ker	2760	2760	phone	phone	1767	1767	SEGMENT	 9974979	 9976301	44100	226204.99	 15.00000	0.5	294.0	1138.0	2484.0	3032.5	66.83982	kəsi	mark04vox_ker	225969.99	226219.99	0.94000000
177	i	234419.99	234449.99	a8ba1a76-4e7c-11ea-a209-0922dd5e0547	0000	mark04vox_ker	2825	2825	phone	phone	1832	1832	SEGMENT	10337922	10339244	44100	234434.99	 15.00000	0.5	239.5	 673.0	2392.0	3834.5	64.49263	guɓi	mark04vox_ker	234209.99	234449.99	0.93750000
178	i	243969.99	244039.99	a8ba1a76-4e7c-11ea-a209-0922dd5e0547	0000	mark04vox_ker	2927	2927	phone	phone	1934	1934	SEGMENT	10759077	10762163	44100	244004.99	 35.00000	0.5	433.0	2329.5	3185.0	3421.0	69.96297	minti	mark04vox_ker	243899.99	244349.99	0.23333333
179	i	244139.99	244349.99	a8ba1a76-4e7c-11ea-a209-0922dd5e0547	0000	mark04vox_ker	2930	2930	phone	phone	1937	1937	SEGMENT	10766574	10775834	44100	244244.99	105.00000	0.5	341.0	1986.0	2882.0	3354.0	69.26933	minti	mark04vox_ker	243899.99	244349.99	0.76666667
180	i	247019.99	247099.99	a8ba1a76-4e7c-11ea-a209-0922dd5e0547	0000	mark04vox_ker	2957	2957	phone	phone	1964	1964	SEGMENT	10893582	10897109	44100	247059.99	 40.00000	0.5	290.5	2141.5	2898.0	3515.0	66.19875	iskiy	mark04vox_ker	247019.99	247359.99	0.11764706
181	i	247239.99	247289.99	a8ba1a76-4e7c-11ea-a209-0922dd5e0547	0000	mark04vox_ker	2960	2960	phone	phone	1967	1967	SEGMENT	10903284	10905488	44100	247264.99	 25.00000	0.5	270.5	2066.0	2729.0	3150.0	73.65290	iskiy	mark04vox_ker	247019.99	247359.99	0.72058824
182	i	250439.99	250499.99	a8ba1a76-4e7c-11ea-a209-0922dd5e0547	0000	mark04vox_ker	2992	2992	phone	phone	1999	1999	SEGMENT	11044404	11047049	44100	250469.99	 30.00000	0.5	281.0	2035.0	2560.0	3422.5	68.25375	guudi	mark04vox_ker	250169.99	250499.99	0.90909091
183	i	253709.99	253769.99	a8ba1a76-4e7c-11ea-a209-0922dd5e0547	0000	mark04vox_ker	3028	3028	phone	phone	2035	2035	SEGMENT	11188611	11191256	44100	253739.99	 30.00000	0.5	393.0	1741.5	2225.0	3197.0	68.89169	minti	mark04vox_ker	253629.99	253869.99	0.45833333
184	i	253839.99	253869.99	a8ba1a76-4e7c-11ea-a209-0922dd5e0547	0000	mark04vox_ker	3031	3031	phone	phone	2038	2038	SEGMENT	11194344	11195666	44100	253854.99	 15.00000	0.5	364.5	   0.0	2393.5	3614.0	50.70170	minti	mark04vox_ker	253629.99	253869.99	0.93750000
185	i	255429.99	255549.99	a8ba1a76-4e7c-11ea-a209-0922dd5e0547	0000	mark04vox_ker	3051	3051	phone	phone	2058	2058	SEGMENT	11264463	11269754	44100	255489.99	 60.00000	0.5	280.5	1895.0	2532.5	2952.0	75.36308	əskiŋ	mark04vox_ker	255129.99	255639.99	0.70588235
186	i	256869.99	256939.99	a8ba1a76-4e7c-11ea-a209-0922dd5e0547	0000	mark04vox_ker	3063	3063	phone	phone	2070	2070	SEGMENT	11327967	11331053	44100	256904.99	 35.00000	0.5	290.5	1869.0	2641.5	3260.5	77.97173	pisi	mark04vox_ker	256739.99	257039.99	0.55000000
187	i	257009.99	257039.99	a8ba1a76-4e7c-11ea-a209-0922dd5e0547	0000	mark04vox_ker	3065	3065	phone	phone	2072	2072	SEGMENT	11334141	11335463	44100	257024.99	 15.00000	0.5	  0.0	1702.0	2597.0	3625.0	54.43744	pisi	mark04vox_ker	256739.99	257039.99	0.95000000
188	i	260349.99	260419.99	a8ba1a76-4e7c-11ea-a209-0922dd5e0547	0000	mark04vox_ker	3077	3077	phone	phone	2084	2084	SEGMENT	11481435	11484521	44100	260384.99	 35.00000	0.5	369.0	1942.0	2539.5	3398.5	69.66951	minti	mark04vox_ker	260289.99	260739.99	0.21111111
189	i	260519.99	260739.99	a8ba1a76-4e7c-11ea-a209-0922dd5e0547	0000	mark04vox_ker	3080	3080	phone	phone	2087	2087	SEGMENT	11488932	11498633	44100	260629.99	110.00000	0.5	328.0	1991.5	2866.0	3535.0	70.39825	minti	mark04vox_ker	260289.99	260739.99	0.75555556
190	i	262769.99	262819.99	a8ba1a76-4e7c-11ea-a209-0922dd5e0547	0000	mark04vox_ker	3105	3105	phone	phone	2112	2112	SEGMENT	11588157	11590361	44100	262794.99	 25.00000	0.5	274.0	1872.0	2638.5	3160.5	77.72086	pisi	mark04vox_ker	262649.97	262919.99	0.53707592
191	i	262869.99	262919.99	a8ba1a76-4e7c-11ea-a209-0922dd5e0547	0000	mark04vox_ker	3107	3107	phone	phone	2114	2114	SEGMENT	11592567	11594771	44100	262894.99	 25.00000	0.5	289.5	1500.5	2671.0	3679.0	32.29775	pisi	mark04vox_ker	262649.97	262919.99	0.90741518
192	iː	263019.99	263129.99	a8ba1a76-4e7c-11ea-a209-0922dd5e0547	0000	mark04vox_ker	3109	3109	phone	phone	2116	2116	SEGMENT	11599182	11604032	44100	263074.99	 55.00000	0.5	281.5	2004.5	2647.0	3138.0	75.91971	ciiri	mark04vox_ker	262919.99	263279.97	0.43058268
193	i	263179.99	263279.97	a8ba1a76-4e7c-11ea-a209-0922dd5e0547	0000	mark04vox_ker	3111	3111	phone	phone	2118	2118	SEGMENT	11606238	11610646	44100	263229.98	 49.98866	0.5	318.0	2000.5	2665.5	3303.5	72.21384	ciiri	mark04vox_ker	262919.99	263279.97	0.86113386
194	i	264919.99	264979.99	a8ba1a76-4e7c-11ea-a209-0922dd5e0547	0000	mark04vox_ker	3122	3122	phone	phone	2129	2129	SEGMENT	11682972	11685617	44100	264949.99	 30.00000	0.5	455.0	2078.0	2631.5	3304.5	68.62354	minti	mark04vox_ker	264839.97	265169.99	0.33337914
195	i	265079.99	265169.99	a8ba1a76-4e7c-11ea-a209-0922dd5e0547	0000	mark04vox_ker	3125	3125	phone	phone	2132	2132	SEGMENT	11690028	11693996	44100	265124.99	 45.00000	0.5	369.0	1835.0	2707.5	3292.5	68.27197	minti	mark04vox_ker	264839.97	265169.99	0.86364573
196	i	268799.99	268849.99	a8ba1a76-4e7c-11ea-a209-0922dd5e0547	0000	mark04vox_ker	3161	3161	phone	phone	2168	2168	SEGMENT	11854080	11856284	44100	268824.99	 25.00000	0.5	323.0	1640.0	2485.5	3331.5	67.89074	nəətiŋ	mark04vox_ker	268589.97	268879.99	0.81035966
197	i	273189.99	273239.99	a8ba1a76-4e7c-11ea-a209-0922dd5e0547	0000	mark04vox_ker	3210	3210	phone	phone	2217	2217	SEGMENT	12047679	12049883	44100	273214.99	 25.00000	0.5	373.5	2020.0	2629.5	3245.0	67.43134	minti	mark04vox_ker	273109.99	273499.99	0.26923077
198	i	273349.99	273499.99	a8ba1a76-4e7c-11ea-a209-0922dd5e0547	0000	mark04vox_ker	3213	3213	phone	phone	2220	2220	SEGMENT	12054735	12061349	44100	273424.99	 75.00000	0.5	304.0	2119.0	2616.0	3406.0	69.84135	minti	mark04vox_ker	273109.99	273499.99	0.80769231
199	i	278429.99	278479.99	a8ba1a76-4e7c-11ea-a209-0922dd5e0547	0000	mark04vox_ker	3259	3259	phone	phone	2266	2266	SEGMENT	12278763	12280967	44100	278454.99	 25.00000	0.5	417.0	2125.0	2628.5	3378.5	66.40456	minti	mark04vox_ker	278339.97	278659.99	0.35942039
200	i	278559.99	278659.99	a8ba1a76-4e7c-11ea-a209-0922dd5e0547	0000	mark04vox_ker	3262	3262	phone	phone	2269	2269	SEGMENT	12284496	12288905	44100	278609.99	 50.00000	0.5	352.0	1995.5	2636.0	3339.0	67.12828	minti	mark04vox_ker	278339.97	278659.99	0.84376107
201	i	279059.99	279099.99	a8ba1a76-4e7c-11ea-a209-0922dd5e0547	0000	mark04vox_ker	3269	3269	phone	phone	2276	2276	SEGMENT	12306546	12308309	44100	279079.99	 20.00000	0.5	453.0	1673.5	2486.0	3439.0	72.95864	iski	mark04vox_ker	279059.99	279249.99	0.10526316
202	i	279219.99	279249.99	a8ba1a76-4e7c-11ea-a209-0922dd5e0547	0000	mark04vox_ker	3272	3272	phone	phone	2279	2279	SEGMENT	12313602	12314924	44100	279234.99	 15.00000	0.5	  0.0	1288.0	1244.0	3431.0	21.68496	iski	mark04vox_ker	279059.99	279249.99	0.92105263
203	i	281269.99	281329.99	a8ba1a76-4e7c-11ea-a209-0922dd5e0547	0000	mark04vox_ker	3293	3293	phone	phone	2300	2300	SEGMENT	12404007	12406652	44100	281299.99	 30.00000	0.5	439.0	1980.5	2844.0	3374.0	69.94396	minti	mark04vox_ker	281199.99	281559.99	0.27777778
204	i	281439.99	281559.99	a8ba1a76-4e7c-11ea-a209-0922dd5e0547	0000	mark04vox_ker	3296	3296	phone	phone	2303	2303	SEGMENT	12411504	12416795	44100	281499.99	 60.00000	0.5	304.0	2042.0	2808.0	3329.5	69.89766	minti	mark04vox_ker	281199.99	281559.99	0.83333333
205	i	281759.99	281859.99	a8ba1a76-4e7c-11ea-a209-0922dd5e0547	0000	mark04vox_ker	3300	3300	phone	phone	2307	2307	SEGMENT	12425616	12430025	44100	281809.99	 50.00000	0.5	360.0	2048.0	2945.0	3862.0	56.02328	iskiniy	mark04vox_ker	281759.99	282269.99	0.09803922
206	i	282019.99	282059.99	a8ba1a76-4e7c-11ea-a209-0922dd5e0547	0000	mark04vox_ker	3303	3303	phone	phone	2310	2310	SEGMENT	12437082	12438845	44100	282039.99	 20.00000	0.5	287.5	2098.0	3016.5	3816.0	67.72448	iskiniy	mark04vox_ker	281759.99	282269.99	0.54901961
207	i	282129.99	282239.99	a8ba1a76-4e7c-11ea-a209-0922dd5e0547	0000	mark04vox_ker	3305	3305	phone	phone	2312	2312	SEGMENT	12441933	12446783	44100	282184.99	 55.00000	0.5	306.5	2088.5	3024.5	3542.0	72.43177	iskiniy	mark04vox_ker	281759.99	282269.99	0.83333333
208	i	289619.99	289669.99	a8ba1a76-4e7c-11ea-a209-0922dd5e0547	0000	mark04vox_ker	3367	3367	phone	phone	2374	2374	SEGMENT	12772242	12774446	44100	289644.99	 25.00000	0.5	355.0	2274.5	2658.5	3349.0	69.81698	minti	mark04vox_ker	289539.99	290029.97	0.21429563
209	i	289769.99	290029.97	a8ba1a76-4e7c-11ea-a209-0922dd5e0547	0000	mark04vox_ker	3370	3370	phone	phone	2377	2377	SEGMENT	12778857	12790321	44100	289899.98	129.98866	0.5	344.0	2042.0	2629.0	3331.5	69.55083	minti	mark04vox_ker	289539.99	290029.97	0.73470474
210	iː	290809.99	290879.99	a8ba1a76-4e7c-11ea-a209-0922dd5e0547	0000	mark04vox_ker	3382	3382	phone	phone	2389	2389	SEGMENT	12824721	12827807	44100	290844.99	 35.00000	0.5	281.5	1976.5	3109.5	3544.5	70.07269	giidə	mark04vox_ker	290739.99	290959.99	0.47727273
211	i	293509.99	293579.99	a8ba1a76-4e7c-11ea-a209-0922dd5e0547	0000	mark04vox_ker	3401	3401	phone	phone	2408	2408	SEGMENT	12943791	12946877	44100	293544.99	 35.00000	0.5	400.0	1907.0	2567.0	3323.0	71.40236	minti	mark04vox_ker	293439.99	293679.99	0.43750000
212	i	293649.97	293679.99	a8ba1a76-4e7c-11ea-a209-0922dd5e0547	0000	mark04vox_ker	3404	3404	phone	phone	2411	2411	SEGMENT	12949964	12951287	44100	293664.98	 15.01134	0.5	313.0	1728.0	2359.5	3336.0	65.29670	minti	mark04vox_ker	293439.99	293679.99	0.93745276
213	iː	315079.99	315189.99	a8ba1a76-4e7c-11ea-a209-0922dd5e0547	0000	mark04vox_ker	3576	3576	phone	phone	2583	2583	SEGMENT	13895028	13899878	44100	315134.99	 55.00000	0.5	280.5	1950.5	2472.5	3012.0	76.58056	ciiri	mark04vox_ker	314929.99	315439.99	0.40196078
214	i	315249.99	315439.99	a8ba1a76-4e7c-11ea-a209-0922dd5e0547	0000	mark04vox_ker	3578	3578	phone	phone	2585	2585	SEGMENT	13902525	13910903	44100	315344.99	 95.00000	0.5	290.0	1914.0	2688.0	2904.5	74.29980	ciiri	mark04vox_ker	314929.99	315439.99	0.81372549
215	i	316869.99	316899.97	a8ba1a76-4e7c-11ea-a209-0922dd5e0547	0000	mark04vox_ker	3589	3589	phone	phone	2596	2596	SEGMENT	13973967	13975288	44100	316884.98	 14.98866	0.5	225.5	1945.0	2233.0	3136.5	69.43709	diri	mark04vox_ker	316629.99	317169.99	0.47220123
216	i	316959.99	317169.99	a8ba1a76-4e7c-11ea-a209-0922dd5e0547	0000	mark04vox_ker	3591	3591	phone	phone	2598	2598	SEGMENT	13977936	13987196	44100	317064.99	105.00000	0.5	299.0	2027.0	2952.0	3257.0	72.12763	diri	mark04vox_ker	316629.99	317169.99	0.80555556
217	i	319359.99	319409.99	a8ba1a76-4e7c-11ea-a209-0922dd5e0547	0000	mark04vox_ker	3616	3616	phone	phone	2623	2623	SEGMENT	14083776	14085980	44100	319384.99	 25.00000	0.5	421.0	1859.0	2406.0	3161.0	71.75600	minti	mark04vox_ker	319299.99	319629.99	0.25757576
218	i	319509.99	319629.99	a8ba1a76-4e7c-11ea-a209-0922dd5e0547	0000	mark04vox_ker	3619	3619	phone	phone	2626	2626	SEGMENT	14090391	14095682	44100	319569.99	 60.00000	0.5	286.0	1997.0	2638.0	3104.0	75.71280	minti	mark04vox_ker	319299.99	319629.99	0.81818182
219	i	323219.99	323249.99	a8ba1a76-4e7c-11ea-a209-0922dd5e0547	0000	mark04vox_ker	3660	3660	phone	phone	2667	2667	SEGMENT	14254002	14255324	44100	323234.99	 15.00000	0.5	420.0	1638.5	2414.0	3435.5	73.02821	tuli	mark04vox_ker	322949.99	323249.99	0.95000000
220	i	323799.99	323839.97	a8ba1a76-4e7c-11ea-a209-0922dd5e0547	0000	mark04vox_ker	3669	3669	phone	phone	2676	2676	SEGMENT	14279580	14281342	44100	323819.98	 19.98866	0.5	281.5	1907.5	2896.0	3361.0	77.64940	tərtiŋ	mark04vox_ker	323489.99	323879.99	0.84612477
221	i	334649.97	334689.99	a8ba1a76-4e7c-11ea-a209-0922dd5e0547	0000	mark04vox_ker	3763	3763	phone	phone	2770	2770	SEGMENT	14758064	14759828	44100	334669.98	 20.01134	0.5	305.0	1618.5	2431.0	3148.5	74.13330	kumti	mark04vox_ker	334429.99	334689.99	0.92303332
222	i	339619.99	339689.99	a8ba1a76-4e7c-11ea-a209-0922dd5e0547	0000	mark04vox_ker	3819	3819	phone	phone	2826	2826	SEGMENT	14977242	14980328	44100	339654.99	 35.00000	0.5	463.0	2012.0	2845.5	3434.0	70.86148	minti	mark04vox_ker	339549.99	339839.97	0.36209728
223	i	339789.99	339839.97	a8ba1a76-4e7c-11ea-a209-0922dd5e0547	0000	mark04vox_ker	3822	3822	phone	phone	2829	2829	SEGMENT	14984739	14986942	44100	339814.98	 24.98866	0.5	278.5	2140.0	2950.5	3746.0	72.98804	minti	mark04vox_ker	339549.99	339839.97	0.91382546
224	i	340519.99	340599.99	a8ba1a76-4e7c-11ea-a209-0922dd5e0547	0000	mark04vox_ker	3832	3832	phone	phone	2839	2839	SEGMENT	15016932	15020459	44100	340559.99	 40.00000	0.5	296.0	2056.0	2486.0	3081.0	70.09388	minti	mark04vox_ker	340439.99	340789.99	0.34285714
225	i	340699.99	340789.99	a8ba1a76-4e7c-11ea-a209-0922dd5e0547	0000	mark04vox_ker	3835	3835	phone	phone	2842	2842	SEGMENT	15024870	15028838	44100	340744.99	 45.00000	0.5	282.5	2060.0	2923.0	3444.0	71.27828	minti	mark04vox_ker	340439.99	340789.99	0.87142857
226	i	342689.99	342769.99	a8ba1a76-4e7c-11ea-a209-0922dd5e0547	0000	mark04vox_ker	3851	3851	phone	phone	2858	2858	SEGMENT	15112629	15116156	44100	342729.99	 40.00000	0.5	363.0	1152.0	2499.5	3125.0	70.61039	minti	mark04vox_ker	342619.99	342989.99	0.29729730
227	i	342869.99	342989.99	a8ba1a76-4e7c-11ea-a209-0922dd5e0547	0000	mark04vox_ker	3854	3854	phone	phone	2861	2861	SEGMENT	15120567	15125858	44100	342929.99	 60.00000	0.5	287.0	1899.5	2820.0	3315.0	72.30729	minti	mark04vox_ker	342619.99	342989.99	0.83783784
228	i	346539.99	346779.97	a8ba1a76-4e7c-11ea-a209-0922dd5e0547	0000	mark04vox_ker	3896	3896	phone	phone	2903	2903	SEGMENT	15282414	15292996	44100	346659.98	119.98866	0.5	286.5	1921.5	2741.5	3121.5	74.08819	kumsi	mark04vox_ker	346169.99	346779.97	0.80328996
229	iː	347179.99	347269.99	a8ba1a76-4e7c-11ea-a209-0922dd5e0547	0000	mark04vox_ker	3901	3901	phone	phone	2908	2908	SEGMENT	15310638	15314606	44100	347224.99	 45.00000	0.5	251.0	1956.5	3008.5	3487.0	70.91801	giidə	mark04vox_ker	347069.99	347329.99	0.59615385
230	i	349649.97	349709.99	a8ba1a76-4e7c-11ea-a209-0922dd5e0547	0000	mark04vox_ker	3924	3924	phone	phone	2931	2931	SEGMENT	15419564	15422210	44100	349679.98	 30.01134	0.5	461.0	1869.0	2629.5	3424.5	68.48709	minti	mark04vox_ker	349619.99	349849.99	0.26082027
231	i	349809.99	349849.99	a8ba1a76-4e7c-11ea-a209-0922dd5e0547	0000	mark04vox_ker	3927	3927	phone	phone	2934	2934	SEGMENT	15426621	15428384	44100	349829.99	 20.00000	0.5	284.0	1829.0	2676.0	3083.5	71.60939	minti	mark04vox_ker	349619.99	349849.99	0.91304348
232	i	356019.99	356069.99	a8ba1a76-4e7c-11ea-a209-0922dd5e0547	0000	mark04vox_ker	4000	4000	phone	phone	3007	3007	SEGMENT	15700482	15702686	44100	356044.99	 25.00000	0.5	630.5	1390.0	1887.0	3284.5	49.53947	kumsi	mark04vox_ker	355749.99	356069.99	0.92187500
233	i	358509.99	358539.99	a8ba1a76-4e7c-11ea-a209-0922dd5e0547	0000	mark04vox_ker	4027	4027	phone	phone	3034	3034	SEGMENT	15810291	15811613	44100	358524.99	 15.00000	0.5	295.5	1476.5	2290.0	3400.0	73.78771	kəəsi	mark04vox_ker	358229.99	358539.99	0.95161290
234	i	359779.97	359829.99	a8ba1a76-4e7c-11ea-a209-0922dd5e0547	0000	mark04vox_ker	4045	4045	phone	phone	3052	3052	SEGMENT	15866297	15868502	44100	359804.98	 25.01134	0.5	381.0	1950.0	2525.5	3320.0	69.14242	minti	mark04vox_ker	359739.99	360059.99	0.20308957
235	i	359949.99	360059.99	a8ba1a76-4e7c-11ea-a209-0922dd5e0547	0000	mark04vox_ker	4048	4048	phone	phone	3055	3055	SEGMENT	15873795	15878645	44100	360004.99	 55.00000	0.5	284.5	1999.5	2733.0	3079.5	71.46386	minti	mark04vox_ker	359739.99	360059.99	0.82812500
236	i	361249.99	361489.99	a8ba1a76-4e7c-11ea-a209-0922dd5e0547	0000	mark04vox_ker	4065	4065	phone	phone	3072	3072	SEGMENT	15931125	15941708	44100	361369.99	120.00000	0.5	346.0	2111.0	2834.0	3463.0	67.61046	kuli	mark04vox_ker	361069.99	361489.99	0.71428571
237	i	362289.99	362379.99	a8ba1a76-4e7c-11ea-a209-0922dd5e0547	0000	mark04vox_ker	4070	4070	phone	phone	3077	3077	SEGMENT	15976989	15980957	44100	362334.99	 45.00000	0.5	310.0	1935.5	2569.5	3252.5	71.48728	kəəsi	mark04vox_ker	361979.99	362379.99	0.88750000
238	i	 85029.99	 85069.97	a8ba1a76-4e7c-11ea-a209-0922dd5e0547	0000	mark14vox_ker	 797	 797	phone	phone	  34	  34	SEGMENT	 3749823	 3751585	44100	 85049.98	 19.98866	0.5	275.5	2084.5	2982.5	3631.0	74.33732	ɗiki	mark14vox_ker	 84959.97	 85149.99	0.47368735
239	i	 85119.99	 85149.99	a8ba1a76-4e7c-11ea-a209-0922dd5e0547	0000	mark14vox_ker	 799	 799	phone	phone	  36	  36	SEGMENT	 3753792	 3755114	44100	 85134.99	 15.00000	0.5	166.5	1623.0	2432.5	3648.5	48.35829	ɗiki	mark14vox_ker	 84959.97	 85149.99	0.92106205
240	i	 87269.99	 87319.97	a8ba1a76-4e7c-11ea-a209-0922dd5e0547	0000	mark14vox_ker	 816	 816	phone	phone	  53	  53	SEGMENT	 3848607	 3850810	44100	 87294.98	 24.98866	0.5	411.0	2094.0	2226.0	3419.0	69.87939	minti	mark14vox_ker	 87209.97	 87529.99	0.26564161
241	i	 87439.99	 87529.99	a8ba1a76-4e7c-11ea-a209-0922dd5e0547	0000	mark14vox_ker	 819	 819	phone	phone	  56	  56	SEGMENT	 3856104	 3860072	44100	 87484.99	 45.00000	0.5	342.5	2126.5	2942.0	3498.5	71.37532	minti	mark14vox_ker	 87209.97	 87529.99	0.85938496
242	iː	 87719.99	 87779.99	a8ba1a76-4e7c-11ea-a209-0922dd5e0547	0000	mark14vox_ker	 822	 822	phone	phone	  59	  59	SEGMENT	 3868452	 3871097	44100	 87749.99	 30.00000	0.5	258.0	2025.5	3013.0	3571.0	73.02754	jiiniy	mark14vox_ker	 87609.99	 87919.99	0.45161290
243	i	 87839.99	 87889.99	a8ba1a76-4e7c-11ea-a209-0922dd5e0547	0000	mark14vox_ker	 824	 824	phone	phone	  61	  61	SEGMENT	 3873744	 3875948	44100	 87864.99	 25.00000	0.5	358.0	2068.5	2910.5	3473.0	71.76612	jiiniy	mark14vox_ker	 87609.99	 87919.99	0.82258065
244	i	 89659.99	 89719.99	a8ba1a76-4e7c-11ea-a209-0922dd5e0547	0000	mark14vox_ker	 849	 849	phone	phone	  86	  86	SEGMENT	 3954006	 3956651	44100	 89689.99	 30.00000	0.5	275.0	1892.0	2661.5	3258.0	79.22056	pisi	mark14vox_ker	 89559.99	 89799.99	0.54166667
245	i	 89769.99	 89799.99	a8ba1a76-4e7c-11ea-a209-0922dd5e0547	0000	mark14vox_ker	 851	 851	phone	phone	  88	  88	SEGMENT	 3958857	 3960179	44100	 89784.99	 15.00000	0.5	246.0	1730.0	2883.5	3702.5	63.27253	pisi	mark14vox_ker	 89559.99	 89799.99	0.93750000
246	i	 94979.99	 95049.99	a8ba1a76-4e7c-11ea-a209-0922dd5e0547	0000	mark14vox_ker	 898	 898	phone	phone	 135	 135	SEGMENT	 4188618	 4191704	44100	 95014.99	 35.00000	0.5	312.5	1887.0	2566.5	3228.0	78.22222	pisi	mark14vox_ker	 94919.99	 95149.99	0.41304348
247	i	 95119.99	 95149.99	a8ba1a76-4e7c-11ea-a209-0922dd5e0547	0000	mark14vox_ker	 900	 900	phone	phone	 137	 137	SEGMENT	 4194792	 4196114	44100	 95134.99	 15.00000	0.5	274.5	2199.0	2910.5	3882.0	41.60473	pisi	mark14vox_ker	 94919.99	 95149.99	0.93478261
248	i	 95319.99	 95379.99	a8ba1a76-4e7c-11ea-a209-0922dd5e0547	0000	mark14vox_ker	 904	 904	phone	phone	 141	 141	SEGMENT	 4203612	 4206257	44100	 95349.99	 30.00000	0.5	426.5	2222.5	2787.5	3425.0	69.18183	minti	mark14vox_ker	 95249.99	 95599.99	0.28571429
249	i	 95489.99	 95599.99	a8ba1a76-4e7c-11ea-a209-0922dd5e0547	0000	mark14vox_ker	 907	 907	phone	phone	 144	 144	SEGMENT	 4211109	 4215959	44100	 95544.99	 55.00000	0.5	408.5	2141.0	2818.5	3455.0	69.95596	minti	mark14vox_ker	 95249.99	 95599.99	0.84285714
250	i	104829.99	104889.99	a8ba1a76-4e7c-11ea-a209-0922dd5e0547	0000	mark14vox_ker	1003	1003	phone	phone	 240	 240	SEGMENT	 4623003	 4625648	44100	104859.99	 30.00000	0.5	416.5	2033.0	2867.5	3383.0	68.63880	minti	mark14vox_ker	104779.99	105059.99	0.28571429
251	i	104979.99	105059.99	a8ba1a76-4e7c-11ea-a209-0922dd5e0547	0000	mark14vox_ker	1006	1006	phone	phone	 243	 243	SEGMENT	 4629618	 4633145	44100	105019.99	 40.00000	0.5	420.0	2047.0	2972.0	3666.5	68.33187	minti	mark14vox_ker	104779.99	105059.99	0.85714286
252	iː	108299.99	108369.99	a8ba1a76-4e7c-11ea-a209-0922dd5e0547	0000	mark14vox_ker	1049	1049	phone	phone	 286	 286	SEGMENT	 4776030	 4779116	44100	108334.99	 35.00000	0.5	273.0	1847.5	2620.0	3196.5	75.44477	siisiŋ	mark14vox_ker	108179.99	108569.99	0.39743590
253	i	108469.99	108509.99	a8ba1a76-4e7c-11ea-a209-0922dd5e0547	0000	mark14vox_ker	1051	1051	phone	phone	 288	 288	SEGMENT	 4783527	 4785290	44100	108489.99	 20.00000	0.5	284.5	1924.5	2607.0	3320.0	73.73951	siisiŋ	mark14vox_ker	108179.99	108569.99	0.79487179
254	i	112689.99	112779.99	a8ba1a76-4e7c-11ea-a209-0922dd5e0547	0000	mark14vox_ker	1096	1096	phone	phone	 333	 333	SEGMENT	 4969629	 4973597	44100	112734.99	 45.00000	0.5	363.0	1920.0	2569.5	3372.0	74.49622	gəəzi	mark14vox_ker	112349.99	112779.99	0.89534884
255	i	116519.99	116559.99	a8ba1a76-4e7c-11ea-a209-0922dd5e0547	0000	mark14vox_ker	1140	1140	phone	phone	 377	 377	SEGMENT	 5138532	 5140295	44100	116539.99	 20.00000	0.5	384.0	1726.0	2142.5	3276.0	70.89115	minti	mark14vox_ker	116439.99	116749.99	0.32258065
256	i	116669.99	116749.99	a8ba1a76-4e7c-11ea-a209-0922dd5e0547	0000	mark14vox_ker	1143	1143	phone	phone	 380	 380	SEGMENT	 5145147	 5148674	44100	116709.99	 40.00000	0.5	308.0	2070.5	3017.0	3706.0	71.57508	minti	mark14vox_ker	116439.99	116749.99	0.87096774
257	i	121109.99	121149.99	a8ba1a76-4e7c-11ea-a209-0922dd5e0547	0000	mark14vox_ker	1201	1201	phone	phone	 438	 438	SEGMENT	 5340951	 5342714	44100	121129.99	 20.00000	0.5	380.5	2223.5	2737.5	3317.5	73.15658	minti	mark14vox_ker	121029.99	121429.99	0.25000000
258	i	121259.99	121429.99	a8ba1a76-4e7c-11ea-a209-0922dd5e0547	0000	mark14vox_ker	1204	1204	phone	phone	 441	 441	SEGMENT	 5347566	 5355062	44100	121344.99	 85.00000	0.5	374.5	2141.0	2778.5	3440.5	71.47247	minti	mark14vox_ker	121029.99	121429.99	0.78750000
259	i	125349.99	125379.99	a8ba1a76-4e7c-11ea-a209-0922dd5e0547	0000	mark14vox_ker	1257	1257	phone	phone	 494	 494	SEGMENT	 5527935	 5529257	44100	125364.99	 15.00000	0.5	230.5	2138.5	3136.0	3797.0	67.53022	ɗiki	mark14vox_ker	125289.99	125529.99	0.31250000
260	i	125449.99	125529.99	a8ba1a76-4e7c-11ea-a209-0922dd5e0547	0000	mark14vox_ker	1259	1259	phone	phone	 496	 496	SEGMENT	 5532345	 5535872	44100	125489.99	 40.00000	0.5	262.5	2124.0	3013.5	3433.0	71.33567	ɗiki	mark14vox_ker	125289.99	125529.99	0.83333333
261	iː	182399.99	182479.99	a8ba1a76-4e7c-11ea-a209-0922dd5e0547	0000	mark14vox_ker	1279	1279	phone	phone	 516	 516	SEGMENT	 8043840	 8047367	44100	182439.99	 40.00000	0.5	288.0	2090.5	3130.5	3795.0	73.24252	giidə	mark14vox_ker	182309.99	182569.99	0.50000000
262	i	189049.99	189119.99	a8ba1a76-4e7c-11ea-a209-0922dd5e0547	0000	mark14vox_ker	1344	1344	phone	phone	 581	 581	SEGMENT	 8337105	 8340191	44100	189084.99	 35.00000	0.5	425.5	2106.5	2622.5	3274.5	73.15980	minti	mark14vox_ker	188979.99	189329.99	0.30000000
263	i	189229.99	189329.99	a8ba1a76-4e7c-11ea-a209-0922dd5e0547	0000	mark14vox_ker	1347	1347	phone	phone	 584	 584	SEGMENT	 8345043	 8349452	44100	189279.99	 50.00000	0.5	330.0	2194.0	2732.5	3375.5	71.98071	minti	mark14vox_ker	188979.99	189329.99	0.85714286
264	iː	190079.99	190169.97	a8ba1a76-4e7c-11ea-a209-0922dd5e0547	0000	mark14vox_ker	1358	1358	phone	phone	 595	 595	SEGMENT	 8382528	 8386495	44100	190124.98	 44.98866	0.5	256.5	1970.0	2997.5	3129.5	74.02391	giidə	mark14vox_ker	189969.99	190259.99	0.53444366
265	i	190439.99	190619.99	a8ba1a76-4e7c-11ea-a209-0922dd5e0547	0000	mark14vox_ker	1364	1364	phone	phone	 601	 601	SEGMENT	 8398404	 8406341	44100	190529.99	 90.00000	0.5	281.5	1518.5	2396.5	3095.0	72.80996	kuli	mark14vox_ker	190259.99	190619.99	0.75000000
266	i	192439.99	192469.99	a8ba1a76-4e7c-11ea-a209-0922dd5e0547	0000	mark14vox_ker	1387	1387	phone	phone	 624	 624	SEGMENT	 8486604	 8487926	44100	192454.99	 15.00000	0.5	204.5	1428.0	2155.5	1257.5	67.92159	kuli	mark14vox_ker	192269.99	192469.99	0.92500000
267	i	192769.99	192859.99	a8ba1a76-4e7c-11ea-a209-0922dd5e0547	0000	mark14vox_ker	1394	1394	phone	phone	 631	 631	SEGMENT	 8501157	 8505125	44100	192814.99	 45.00000	0.5	436.0	1943.0	2829.0	3236.5	73.19199	minti	mark14vox_ker	192709.99	193109.99	0.26250000
268	i	192959.99	193109.99	a8ba1a76-4e7c-11ea-a209-0922dd5e0547	0000	mark14vox_ker	1397	1397	phone	phone	 634	 634	SEGMENT	 8509536	 8516150	44100	193034.99	 75.00000	0.5	331.0	1975.5	2827.5	3630.0	72.42965	minti	mark14vox_ker	192709.99	193109.99	0.81250000
269	i	194619.99	194679.99	a8ba1a76-4e7c-11ea-a209-0922dd5e0547	0000	mark14vox_ker	1412	1412	phone	phone	 649	 649	SEGMENT	 8582742	 8585387	44100	194649.99	 30.00000	0.5	400.0	2205.0	2865.0	3260.5	71.25308	minti	mark14vox_ker	194549.99	194819.99	0.37037037
270	i	194779.99	194819.99	a8ba1a76-4e7c-11ea-a209-0922dd5e0547	0000	mark14vox_ker	1415	1415	phone	phone	 652	 652	SEGMENT	 8589798	 8591561	44100	194799.99	 20.00000	0.5	419.5	2043.5	2676.5	3287.0	70.80212	minti	mark14vox_ker	194549.99	194819.99	0.92592593
271	iː	195669.99	195759.99	a8ba1a76-4e7c-11ea-a209-0922dd5e0547	0000	mark14vox_ker	1420	1420	phone	phone	 657	 657	SEGMENT	 8629047	 8633015	44100	195714.99	 45.00000	0.5	267.0	2101.5	3123.5	3616.0	75.04163	giidə	mark14vox_ker	195589.99	195839.99	0.50000000
272	i	196009.99	196039.99	a8ba1a76-4e7c-11ea-a209-0922dd5e0547	0000	mark14vox_ker	1426	1426	phone	phone	 663	 663	SEGMENT	 8644041	 8645363	44100	196024.99	 15.00000	0.5	318.0	1586.5	2275.0	3095.0	72.02528	kuli	mark14vox_ker	195839.99	196039.99	0.92500000
273	i	196179.99	196239.99	a8ba1a76-4e7c-11ea-a209-0922dd5e0547	0000	mark14vox_ker	1430	1430	phone	phone	 667	 667	SEGMENT	 8651538	 8654183	44100	196209.99	 30.00000	0.5	417.0	1964.0	2762.5	3198.0	71.72021	minti	mark14vox_ker	196129.99	196419.99	0.27586207
274	i	196329.99	196419.99	a8ba1a76-4e7c-11ea-a209-0922dd5e0547	0000	mark14vox_ker	1433	1433	phone	phone	 670	 670	SEGMENT	 8658153	 8662121	44100	196374.99	 45.00000	0.5	311.0	2020.0	2854.5	3339.0	71.66510	minti	mark14vox_ker	196129.99	196419.99	0.84482759
275	i	201749.99	201909.99	a8ba1a76-4e7c-11ea-a209-0922dd5e0547	0000	mark14vox_ker	1497	1497	phone	phone	 734	 734	SEGMENT	 8897175	 8904230	44100	201829.99	 80.00000	0.5	269.5	2087.5	2914.5	3277.5	72.34433	kuli	mark14vox_ker	201539.99	201909.99	0.78378378
276	i	202619.99	202649.99	a8ba1a76-4e7c-11ea-a209-0922dd5e0547	0000	mark14vox_ker	1510	1510	phone	phone	 747	 747	SEGMENT	 8935542	 8936864	44100	202634.99	 15.00000	0.5	182.5	1712.0	3235.5	4048.0	43.73344	hərsəhərsi	mark14vox_ker	202189.99	202649.99	0.96739130
277	iː	204639.99	204719.99	a8ba1a76-4e7c-11ea-a209-0922dd5e0547	0000	mark14vox_ker	1530	1530	phone	phone	 767	 767	SEGMENT	 9024624	 9028151	44100	204679.99	 40.00000	0.5	231.0	2080.0	3073.0	3403.0	72.13797	giidu	mark14vox_ker	204539.99	204809.99	0.51851852
278	i	232159.99	232219.99	a8ba1a76-4e7c-11ea-a209-0922dd5e0547	0000	mark14vox_ker	1605	1605	phone	phone	 842	 842	SEGMENT	10238256	10240901	44100	232189.99	 30.00000	0.5	351.0	1867.5	2702.0	3704.0	70.57198	gəəzi	mark14vox_ker	231869.99	232219.99	0.91428571
279	i	234669.99	234739.99	a8ba1a76-4e7c-11ea-a209-0922dd5e0547	0000	mark14vox_ker	1628	1628	phone	phone	 865	 865	SEGMENT	10348947	10352033	44100	234704.99	 35.00000	0.5	428.0	2011.5	2816.5	3369.5	72.41547	minti	mark14vox_ker	234609.99	235089.99	0.19791667
280	i	234859.99	235089.99	a8ba1a76-4e7c-11ea-a209-0922dd5e0547	0000	mark14vox_ker	1631	1631	phone	phone	 868	 868	SEGMENT	10357326	10367468	44100	234974.99	115.00000	0.5	357.0	2036.0	2890.5	3448.0	72.26138	minti	mark14vox_ker	234609.99	235089.99	0.76041667
281	i	253899.99	253979.99	a8ba1a76-4e7c-11ea-a209-0922dd5e0547	0000	mark14vox_ker	1710	1710	phone	phone	 947	 947	SEGMENT	11196990	11200517	44100	253939.99	 40.00000	0.5	451.0	1998.0	2731.0	3362.0	71.00296	minti	mark14vox_ker	253829.99	254239.99	0.26829268
282	i	254089.99	254239.99	a8ba1a76-4e7c-11ea-a209-0922dd5e0547	0000	mark14vox_ker	1713	1713	phone	phone	 950	 950	SEGMENT	11205369	11211983	44100	254164.99	 75.00000	0.5	312.0	2074.5	2889.5	3398.5	69.91428	minti	mark14vox_ker	253829.99	254239.99	0.81707317
283	i	262599.99	262659.99	a8ba1a76-4e7c-11ea-a209-0922dd5e0547	0000	mark14vox_ker	1805	1805	phone	phone	1042	1042	SEGMENT	11580660	11583305	44100	262629.99	 30.00000	0.5	445.5	1979.5	2694.0	3421.0	77.55328	gəəli	mark14vox_ker	262349.99	262659.99	0.90322581
284	i	263599.99	263659.99	a8ba1a76-4e7c-11ea-a209-0922dd5e0547	0000	mark14vox_ker	1821	1821	phone	phone	1058	1058	SEGMENT	11624760	11627405	44100	263629.99	 30.00000	0.5	392.0	2164.5	2780.5	3321.0	71.60189	minti	mark14vox_ker	263529.97	264009.99	0.20837073
285	i	263779.97	264009.99	a8ba1a76-4e7c-11ea-a209-0922dd5e0547	0000	mark14vox_ker	1824	1824	phone	phone	1061	1061	SEGMENT	11632697	11642840	44100	263894.98	115.01134	0.5	354.0	1975.5	2697.0	3368.0	70.43015	minti	mark14vox_ker	263529.97	264009.99	0.76040436
286	i	296219.99	296279.97	a8ba1a76-4e7c-11ea-a209-0922dd5e0547	0000	mark14vox_ker	1907	1907	phone	phone	1144	1144	SEGMENT	13063302	13065946	44100	296249.98	 29.98866	0.5	397.0	1995.5	2748.0	3243.5	73.13605	minti	mark14vox_ker	296139.99	296609.99	0.23401843
287	i	296389.99	296609.99	a8ba1a76-4e7c-11ea-a209-0922dd5e0547	0000	mark14vox_ker	1910	1910	phone	phone	1147	1147	SEGMENT	13070799	13080500	44100	296499.99	110.00000	0.5	399.5	1936.5	2774.5	3372.5	72.12394	minti	mark14vox_ker	296139.99	296609.99	0.76595745
288	i	302589.97	302649.97	a8ba1a76-4e7c-11ea-a209-0922dd5e0547	0000	mark14vox_ker	1972	1972	phone	phone	1209	1209	SEGMENT	13344218	13346863	44100	302619.97	 30.00000	0.5	342.5	2466.5	3027.5	3782.0	73.23038	gəəzi	mark14vox_ker	302309.99	302649.97	0.91175882
289	i	306299.99	306369.99	a8ba1a76-4e7c-11ea-a209-0922dd5e0547	0000	mark14vox_ker	2016	2016	phone	phone	1253	1253	SEGMENT	13507830	13510916	44100	306334.99	 35.00000	0.5	363.0	2127.0	2813.0	3374.5	71.62559	minti	mark14vox_ker	306219.99	306629.99	0.28048780
290	i	306469.99	306629.99	a8ba1a76-4e7c-11ea-a209-0922dd5e0547	0000	mark14vox_ker	2019	2019	phone	phone	1256	1256	SEGMENT	13515327	13522382	44100	306549.99	 80.00000	0.5	354.5	2026.0	2804.0	3337.0	70.72989	minti	mark14vox_ker	306219.99	306629.99	0.80487805
291	i	308059.99	308089.97	a8ba1a76-4e7c-11ea-a209-0922dd5e0547	0000	mark14vox_ker	2030	2030	phone	phone	1267	1267	SEGMENT	13585446	13586767	44100	308074.98	 14.98866	0.5	270.0	2012.0	2601.5	3340.5	70.66045	kimirwiŋ	mark14vox_ker	307979.99	308589.97	0.15572491
292	i	308159.99	308189.99	a8ba1a76-4e7c-11ea-a209-0922dd5e0547	0000	mark14vox_ker	2032	2032	phone	phone	1269	1269	SEGMENT	13589856	13591178	44100	308174.99	 15.00000	0.5	357.5	1899.5	2495.0	3329.0	76.79887	kimirwiŋ	mark14vox_ker	307979.99	308589.97	0.31968401
293	i	308319.99	308529.97	a8ba1a76-4e7c-11ea-a209-0922dd5e0547	0000	mark14vox_ker	2035	2035	phone	phone	1272	1272	SEGMENT	13596912	13606171	44100	308424.98	104.98866	0.5	341.0	2089.0	2921.0	3391.5	73.50280	kimirwiŋ	mark14vox_ker	307979.99	308589.97	0.72951673
294	iː	324269.99	324339.97	a8ba1a76-4e7c-11ea-a209-0922dd5e0547	0000	mark14vox_ker	2110	2110	phone	phone	1347	1347	SEGMENT	14300307	14303392	44100	324304.98	 34.98866	0.5	304.5	2181.5	3189.0	3813.0	75.07442	giidə	mark14vox_ker	324169.99	324409.99	0.56245276
295	i	325179.99	325239.99	a8ba1a76-4e7c-11ea-a209-0922dd5e0547	0000	mark14vox_ker	2126	2126	phone	phone	1363	1363	SEGMENT	14340438	14343083	44100	325209.99	 30.00000	0.5	348.0	2005.5	2876.5	3361.5	77.24660	minti	mark14vox_ker	325089.97	325509.99	0.28575285
296	i	325359.99	325509.99	a8ba1a76-4e7c-11ea-a209-0922dd5e0547	0000	mark14vox_ker	2129	2129	phone	phone	1366	1366	SEGMENT	14348376	14354990	44100	325434.99	 75.00000	0.5	294.0	2021.0	2994.5	3626.0	73.68718	minti	mark14vox_ker	325089.97	325509.99	0.82143821
297	i	332129.99	332189.99	a8ba1a76-4e7c-11ea-a209-0922dd5e0547	0000	mark14vox_ker	2197	2197	phone	phone	1434	1434	SEGMENT	14646933	14649578	44100	332159.99	 30.00000	0.5	402.5	2258.0	2611.5	3404.5	73.72287	minti	mark14vox_ker	332059.99	332529.97	0.21277622
298	i	332289.99	332529.97	a8ba1a76-4e7c-11ea-a209-0922dd5e0547	0000	mark14vox_ker	2200	2200	phone	phone	1437	1437	SEGMENT	14653989	14664571	44100	332409.98	119.98866	0.5	388.5	2057.5	2833.5	3385.5	74.21758	minti	mark14vox_ker	332059.99	332529.97	0.74469266
299	iː	335969.99	336029.97	a8ba1a76-4e7c-11ea-a209-0922dd5e0547	0000	mark14vox_ker	2248	2248	phone	phone	1485	1485	SEGMENT	14816277	14818921	44100	335999.98	 29.98866	0.5	261.5	1950.5	3021.0	3551.5	74.87815	tiiniŋ	mark14vox_ker	335839.97	336199.99	0.44444794
300	i	336089.97	336169.99	a8ba1a76-4e7c-11ea-a209-0922dd5e0547	0000	mark14vox_ker	2250	2250	phone	phone	1487	1487	SEGMENT	14821568	14825096	44100	336129.98	 40.01134	0.5	359.5	2328.5	3097.5	3601.5	75.36064	tiiniŋ	mark14vox_ker	335839.97	336199.99	0.80553631
301	i	346829.99	346899.97	a8ba1a76-4e7c-11ea-a209-0922dd5e0547	0000	mark14vox_ker	2266	2266	phone	phone	1503	1503	SEGMENT	15295203	15298288	44100	346864.98	 34.98866	0.5	343.0	1896.5	2636.5	3565.0	74.70755	gəəzi	mark14vox_ker	346479.99	346899.97	0.91668916
302	i	351729.99	351779.97	a8ba1a76-4e7c-11ea-a209-0922dd5e0547	0000	mark14vox_ker	2312	2312	phone	phone	1549	1549	SEGMENT	15511293	15513496	44100	351754.98	 24.98866	0.5	399.0	2008.0	2676.0	3344.0	75.08012	minti	mark14vox_ker	351669.99	351979.99	0.27415697
303	i	351879.99	351979.99	a8ba1a76-4e7c-11ea-a209-0922dd5e0547	0000	mark14vox_ker	2315	2315	phone	phone	1552	1552	SEGMENT	15517908	15522317	44100	351929.99	 50.00000	0.5	363.5	2110.5	2863.0	3297.5	72.81321	minti	mark14vox_ker	351669.99	351979.99	0.83870968
304	i	377919.99	377949.99	a8ba1a76-4e7c-11ea-a209-0922dd5e0547	0000	mark14vox_ker	2390	2390	phone	phone	1627	1627	SEGMENT	16666272	16667594	44100	377934.99	 15.00000	0.5	274.5	2007.0	2736.0	3437.5	78.81353	cincin	mark14vox_ker	377809.99	378329.99	0.24038462
305	i	378099.99	378209.99	a8ba1a76-4e7c-11ea-a209-0922dd5e0547	0000	mark14vox_ker	2393	2393	phone	phone	1630	1630	SEGMENT	16674210	16679060	44100	378154.99	 55.00000	0.5	326.5	1845.0	2717.5	3451.0	80.12593	cincin	mark14vox_ker	377809.99	378329.99	0.66346154
306	i	463259.99	463389.99	a8ba1a76-4e7c-11ea-a209-0922dd5e0547	0000	mark14vox_ker	2491	2491	phone	phone	1728	1728	SEGMENT	20429766	20435498	44100	463324.99	 65.00000	0.5	326.0	2009.0	2863.0	3288.5	74.55118	gunəguni	mark14vox_ker	462899.99	463389.99	0.86734694
307	i	464789.99	464859.99	a8ba1a76-4e7c-11ea-a209-0922dd5e0547	0000	mark14vox_ker	2505	2505	phone	phone	1742	1742	SEGMENT	20497239	20500325	44100	464824.99	 35.00000	0.5	402.5	2108.5	2955.5	3380.0	70.95216	minti	mark14vox_ker	464719.99	465209.99	0.21428571
308	i	464979.99	465209.99	a8ba1a76-4e7c-11ea-a209-0922dd5e0547	0000	mark14vox_ker	2508	2508	phone	phone	1745	1745	SEGMENT	20505618	20515760	44100	465094.99	115.00000	0.5	343.0	2049.0	2880.0	3248.0	69.84715	minti	mark14vox_ker	464719.99	465209.99	0.76530612
309	iː	466659.99	466769.99	a8ba1a76-4e7c-11ea-a209-0922dd5e0547	0000	mark14vox_ker	2522	2522	phone	phone	1759	1759	SEGMENT	20579706	20584556	44100	466714.99	 55.00000	0.5	291.5	1826.5	2866.5	3773.5	75.39243	tiinə	mark14vox_ker	466569.99	466879.99	0.46774194
310	i	468129.99	468169.99	a8ba1a76-4e7c-11ea-a209-0922dd5e0547	0000	mark14vox_ker	2540	2540	phone	phone	1777	1777	SEGMENT	20644533	20646296	44100	468149.99	 20.00000	0.5	199.5	1687.5	2289.5	3305.5	62.59447	kisirkiŋ	mark14vox_ker	468099.99	468519.99	0.11904762
311	i	468269.99	468309.99	a8ba1a76-4e7c-11ea-a209-0922dd5e0547	0000	mark14vox_ker	2542	2542	phone	phone	1779	1779	SEGMENT	20650707	20652470	44100	468289.99	 20.00000	0.5	291.0	1886.0	2405.5	3292.0	76.63267	kisirkiŋ	mark14vox_ker	468099.99	468519.99	0.45238095
312	i	468429.99	468469.99	a8ba1a76-4e7c-11ea-a209-0922dd5e0547	0000	mark14vox_ker	2545	2545	phone	phone	1782	1782	SEGMENT	20657763	20659526	44100	468449.99	 20.00000	0.5	285.0	2127.5	3087.5	3910.5	73.64883	kisirkiŋ	mark14vox_ker	468099.99	468519.99	0.83333333
313	i	469609.99	469649.99	a8ba1a76-4e7c-11ea-a209-0922dd5e0547	0000	mark14vox_ker	2567	2567	phone	phone	1804	1804	SEGMENT	20709801	20711564	44100	469629.99	 20.00000	0.5	283.0	2095.0	2988.0	3549.0	69.09959	ɗiki	mark14vox_ker	469529.99	469719.99	0.52631579
314	i	469689.99	469719.99	a8ba1a76-4e7c-11ea-a209-0922dd5e0547	0000	mark14vox_ker	2569	2569	phone	phone	1806	1806	SEGMENT	20713329	20714651	44100	469704.99	 15.00000	0.5	245.0	1872.5	2214.0	3275.5	67.90350	ɗiki	mark14vox_ker	469529.99	469719.99	0.92105263
315	i	470519.99	470549.99	a8ba1a76-4e7c-11ea-a209-0922dd5e0547	0000	mark14vox_ker	2578	2578	phone	phone	1815	1815	SEGMENT	20749932	20751254	44100	470534.99	 15.00000	0.5	253.0	1812.0	2545.5	3296.0	72.37217	pisiŋ	mark14vox_ker	470439.99	470809.99	0.25675676
316	i	470659.99	470739.99	a8ba1a76-4e7c-11ea-a209-0922dd5e0547	0000	mark14vox_ker	2580	2580	phone	phone	1817	1817	SEGMENT	20756106	20759633	44100	470699.99	 40.00000	0.5	307.0	1886.5	2710.0	3174.0	72.13368	pisiŋ	mark14vox_ker	470439.99	470809.99	0.70270270
317	i	502299.99	502349.99	a8ba1a76-4e7c-11ea-a209-0922dd5e0547	0000	mark14vox_ker	2681	2681	phone	phone	1918	1918	SEGMENT	22151430	22153634	44100	502324.99	 25.00000	0.5	357.0	2010.5	2728.0	3266.5	73.52607	minti	mark14vox_ker	502229.99	502679.99	0.21111111
318	i	502459.99	502679.99	a8ba1a76-4e7c-11ea-a209-0922dd5e0547	0000	mark14vox_ker	2684	2684	phone	phone	1921	1921	SEGMENT	22158486	22168187	44100	502569.99	110.00000	0.5	370.0	2022.5	2871.0	3362.5	69.74561	minti	mark14vox_ker	502229.99	502679.99	0.75555556
319	i	507189.99	507229.99	a8ba1a76-4e7c-11ea-a209-0922dd5e0547	0000	mark14vox_ker	2745	2745	phone	phone	1982	1982	SEGMENT	22367079	22368842	44100	507209.99	 20.00000	0.5	490.5	2072.0	2355.5	3427.0	70.29457	minti	mark14vox_ker	507109.99	507329.99	0.45454545
320	i	507289.99	507329.99	a8ba1a76-4e7c-11ea-a209-0922dd5e0547	0000	mark14vox_ker	2748	2748	phone	phone	1985	1985	SEGMENT	22371489	22373252	44100	507309.99	 20.00000	0.5	538.5	1638.0	2607.5	3798.0	61.57723	minti	mark14vox_ker	507109.99	507329.99	0.90909091
321	i	581839.99	581879.99	a8ba1a76-4e7c-11ea-a209-0922dd5e0547	0000	mark14vox_ker	2820	2820	phone	phone	2057	2057	SEGMENT	25659144	25660907	44100	581859.99	 20.00000	0.5	266.5	2104.0	3004.5	3491.0	74.60195	ɗiki	mark14vox_ker	581759.99	581949.99	0.52631579
322	i	581919.99	581949.99	a8ba1a76-4e7c-11ea-a209-0922dd5e0547	0000	mark14vox_ker	2822	2822	phone	phone	2059	2059	SEGMENT	25662672	25663994	44100	581934.99	 15.00000	0.5	312.0	2017.0	2512.5	3481.0	72.69004	ɗiki	mark14vox_ker	581759.99	581949.99	0.92105263
323	i	582149.99	582189.99	a8ba1a76-4e7c-11ea-a209-0922dd5e0547	0000	mark14vox_ker	2826	2826	phone	phone	2063	2063	SEGMENT	25672815	25674578	44100	582169.99	 20.00000	0.5	428.0	2197.0	3035.0	3456.5	66.30731	minti	mark14vox_ker	582059.97	582479.99	0.26194461
324	i	582309.97	582479.99	a8ba1a76-4e7c-11ea-a209-0922dd5e0547	0000	mark14vox_ker	2829	2829	phone	phone	2066	2066	SEGMENT	25679870	25687367	44100	582394.98	 85.01134	0.5	282.0	2121.0	3012.0	3481.0	69.51305	minti	mark14vox_ker	582059.97	582479.99	0.79760298
325	iː	586019.99	586149.99	a8ba1a76-4e7c-11ea-a209-0922dd5e0547	0000	mark14vox_ker	2873	2873	phone	phone	2110	2110	SEGMENT	25843482	25849214	44100	586084.99	 65.00000	0.5	231.5	1943.0	2961.0	3469.5	72.72057	giidə	mark14vox_ker	585899.99	586229.99	0.56060606
326	iː	586319.99	586419.99	a8ba1a76-4e7c-11ea-a209-0922dd5e0547	0000	mark14vox_ker	2877	2877	phone	phone	2114	2114	SEGMENT	25856712	25861121	44100	586369.99	 50.00000	0.5	271.0	1952.5	2932.0	3366.0	76.39959	tiilim	mark14vox_ker	586229.99	586589.99	0.38888889
327	i	586469.99	586539.99	a8ba1a76-4e7c-11ea-a209-0922dd5e0547	0000	mark14vox_ker	2879	2879	phone	phone	2116	2116	SEGMENT	25863327	25866413	44100	586504.99	 35.00000	0.5	430.5	1871.0	2603.5	2901.0	75.10603	tiilim	mark14vox_ker	586229.99	586589.99	0.76388889
328	i	586809.97	586849.99	a8ba1a76-4e7c-11ea-a209-0922dd5e0547	0000	mark14vox_ker	2886	2886	phone	phone	2123	2123	SEGMENT	25878320	25880084	44100	586829.98	 20.01134	0.5	268.0	1616.0	2207.0	2978.5	72.01474	kuli	mark14vox_ker	586679.97	586849.99	0.88230195
329	i	592709.99	592749.99	a8ba1a76-4e7c-11ea-a209-0922dd5e0547	0000	mark14vox_ker	2945	2945	phone	phone	2182	2182	SEGMENT	26138511	26140274	44100	592729.99	 20.00000	0.5	289.0	2131.5	2823.0	3375.5	70.50367	minti	mark14vox_ker	592609.99	593049.97	0.27274133
330	i	592889.99	593049.97	a8ba1a76-4e7c-11ea-a209-0922dd5e0547	0000	mark14vox_ker	2948	2948	phone	phone	2185	2185	SEGMENT	26146449	26153503	44100	592969.98	 79.98866	0.5	275.5	2058.5	2872.0	3508.5	70.44438	minti	mark14vox_ker	592609.99	593049.97	0.81819822
331	iː	593609.99	593679.97	a8ba1a76-4e7c-11ea-a209-0922dd5e0547	0000	mark14vox_ker	2956	2956	phone	phone	2193	2193	SEGMENT	26178201	26181286	44100	593644.98	 34.98866	0.5	241.5	1985.0	3131.0	3522.5	71.51933	giidə	mark14vox_ker	593509.99	593749.99	0.56245276
332	i	708859.99	708899.99	a8ba1a76-4e7c-11ea-a209-0922dd5e0547	0000	mark14vox_ker	3018	3018	phone	phone	2255	2255	SEGMENT	31260726	31262489	44100	708879.99	 20.00000	0.5	287.5	1718.5	2601.0	3866.5	65.04040	əsəisi	mark14vox_ker	708669.99	709129.99	0.45652174
333	i	709009.99	709129.99	a8ba1a76-4e7c-11ea-a209-0922dd5e0547	0000	mark14vox_ker	3020	3020	phone	phone	2257	2257	SEGMENT	31267341	31272632	44100	709069.99	 60.00000	0.5	295.5	2060.0	2824.0	3639.5	68.63573	əsəisi	mark14vox_ker	708669.99	709129.99	0.86956522
334	i	831109.99	831159.99	a8ba1a76-4e7c-11ea-a209-0922dd5e0547	0000	mark14vox_ker	3097	3097	phone	phone	2334	2334	SEGMENT	36651951	36654155	44100	831134.99	 25.00000	0.5	419.5	1927.5	2723.0	3347.0	73.12903	minti	mark14vox_ker	831079.99	831409.99	0.16666667
335	i	831269.99	831409.99	a8ba1a76-4e7c-11ea-a209-0922dd5e0547	0000	mark14vox_ker	3100	3100	phone	phone	2337	2337	SEGMENT	36659007	36665180	44100	831339.99	 70.00000	0.5	312.0	2028.5	2990.5	3328.5	72.50203	minti	mark14vox_ker	831079.99	831409.99	0.78787879
336	i	167140.99	167210.99	a8ba1a76-4e7c-11ea-a209-0922dd5e0547	0000	mark16vox_ker	 124	 124	phone	phone	  11	  11	SEGMENT	 7370918	 7374004	44100	167175.99	 35.00000	0.5	443.0	1861.5	2714.0	3269.5	72.95727	minti	mark16vox_ker	167070.99	167320.99	0.42000000
337	i	167290.99	167320.99	a8ba1a76-4e7c-11ea-a209-0922dd5e0547	0000	mark16vox_ker	 127	 127	phone	phone	  14	  14	SEGMENT	 7377533	 7378855	44100	167305.99	 15.00000	0.5	395.5	   0.0	2338.5	3418.5	55.15201	minti	mark16vox_ker	167070.99	167320.99	0.94000000
338	i	171650.99	171700.99	a8ba1a76-4e7c-11ea-a209-0922dd5e0547	0000	mark16vox_ker	 175	 175	phone	phone	  62	  62	SEGMENT	 7569809	 7572013	44100	171675.99	 25.00000	0.5	427.0	1943.0	2412.0	3286.0	73.01740	minti	mark16vox_ker	171580.99	171790.99	0.45238095
339	i	171760.99	171790.99	a8ba1a76-4e7c-11ea-a209-0922dd5e0547	0000	mark16vox_ker	 178	 178	phone	phone	  65	  65	SEGMENT	 7574660	 7575982	44100	171775.99	 15.00000	0.5	253.5	1952.0	2735.0	   0.0	58.81180	minti	mark16vox_ker	171580.99	171790.99	0.92857143
340	i	172940.99	172970.99	a8ba1a76-4e7c-11ea-a209-0922dd5e0547	0000	mark16vox_ker	 189	 189	phone	phone	  76	  76	SEGMENT	 7626698	 7628020	44100	172955.99	 15.00000	0.5	275.0	1916.5	2576.0	3310.5	61.01624	kəəti	mark16vox_ker	172530.99	172970.99	0.96590909
341	i	174994.98	175054.98	a8ba1a76-4e7c-11ea-a209-0922dd5e0547	0000	mark16vox_ker	 209	 209	phone	phone	  96	  96	SEGMENT	 7717279	 7719924	44100	175024.98	 30.00000	0.5	440.5	2067.0	2664.0	3376.5	69.02379	minti	mark16vox_ker	174924.98	175274.98	0.28571429
342	i	175174.98	175274.98	a8ba1a76-4e7c-11ea-a209-0922dd5e0547	0000	mark16vox_ker	 212	 212	phone	phone	  99	  99	SEGMENT	 7725217	 7729626	44100	175224.98	 50.00000	0.5	282.5	2112.0	3028.0	3466.0	69.50411	minti	mark16vox_ker	174924.98	175274.98	0.85714286
343	i	176764.98	176794.98	a8ba1a76-4e7c-11ea-a209-0922dd5e0547	0000	mark16vox_ker	 222	 222	phone	phone	 109	 109	SEGMENT	 7795336	 7796658	44100	176779.98	 15.00000	0.5	241.5	1821.5	1649.5	3289.0	55.42874	jəəti	mark16vox_ker	176494.98	176794.98	0.95000000
344	i	177824.98	177894.98	a8ba1a76-4e7c-11ea-a209-0922dd5e0547	0000	mark16vox_ker	 237	 237	phone	phone	 124	 124	SEGMENT	 7842082	 7845168	44100	177859.98	 35.00000	0.5	419.0	1997.0	2931.5	3334.0	68.57919	minti	mark16vox_ker	177754.98	178244.98	0.21428571
345	i	178004.98	178244.98	a8ba1a76-4e7c-11ea-a209-0922dd5e0547	0000	mark16vox_ker	 240	 240	phone	phone	 127	 127	SEGMENT	 7850020	 7860603	44100	178124.98	120.00000	0.5	399.5	2005.5	2808.0	3250.0	67.29517	minti	mark16vox_ker	177754.98	178244.98	0.75510204
346	i	184774.98	184824.98	a8ba1a76-4e7c-11ea-a209-0922dd5e0547	0000	mark16vox_ker	 297	 297	phone	phone	 184	 184	SEGMENT	 8148577	 8150781	44100	184799.98	 25.00000	0.5	409.5	1963.0	2743.5	3301.5	70.91137	minti	mark16vox_ker	184714.98	185184.98	0.18085106
347	i	184954.98	185184.98	a8ba1a76-4e7c-11ea-a209-0922dd5e0547	0000	mark16vox_ker	 300	 300	phone	phone	 187	 187	SEGMENT	 8156515	 8166657	44100	185069.98	115.00000	0.5	408.5	2001.5	2988.0	3297.0	68.08789	minti	mark16vox_ker	184714.98	185184.98	0.75531915
